gvkey,iid,datadate,prccd,cshtrd
025434,01,2018-01-02,57.63,7206985.0
025434,01,2018-01-03,58.71,7464021.0
025434,01,2018-01-04,58.93,5769653.0
025434,01,2018-01-05,59.61,6046984.0
025434,01,2018-01-08,59.31,6302806.0
025434,01,2018-01-09,59.18,5223952.0
025434,01,2018-01-10,59.82,8652883.0
025434,01,2018-01-11,60.0,5804917.0
025434,01,2018-01-12,60.4,6980995.0
025434,01,2018-01-16,60.56,7964914.0
025434,01,2018-01-17,60.66,8417163.0
025434,01,2018-01-18,61.09,9170630.0
025434,01,2018-01-19,61.26,8252894.0
025434,01,2018-01-22,61.41,11906060.0
025434,01,2018-01-23,61.69,10676820.0
025434,01,2018-01-24,60.83,11920340.0
025434,01,2018-01-25,60.55,15440080.0
025434,01,2018-01-26,57.99,51813450.0
025434,01,2018-01-29,57.02,18879950.0
025434,01,2018-01-30,57.19,14321670.0
025434,01,2018-01-31,56.81,13101120.0
025434,01,2018-02-01,56.0,14682600.0
025434,01,2018-02-02,55.77,15318950.0
025434,01,2018-02-05,54.69,15935140.0
025434,01,2018-02-06,55.61,17413780.0
025434,01,2018-02-07,54.46,13865850.0
025434,01,2018-02-08,53.77,17716910.0
025434,01,2018-02-09,54.58,19379540.0
025434,01,2018-02-12,55.38,10964540.0
025434,01,2018-02-13,55.67,10339800.0
025434,01,2018-02-14,55.99,14167820.0
025434,01,2018-02-15,56.58,10279180.0
025434,01,2018-02-16,56.48,10150570.0
025434,01,2018-02-20,55.97,9385547.0
025434,01,2018-02-21,56.1,7843512.0
025434,01,2018-02-22,55.4,10147720.0
025434,01,2018-02-23,56.14,11326680.0
025434,01,2018-02-26,57.17,8676550.0
025434,01,2018-02-27,56.57,8821186.0
025434,01,2018-02-28,57.1,11516510.0
025434,01,2018-03-01,56.17,11099290.0
025434,01,2018-03-02,56.93,11394390.0
025434,01,2018-03-05,56.99,6922988.0
025434,01,2018-03-06,57.03,7975574.0
025434,01,2018-03-07,57.03,7042394.0
025434,01,2018-03-08,57.47,7602792.0
025434,01,2018-03-09,58.46,9538814.0
025434,01,2018-03-12,59.4,10548660.0
025434,01,2018-03-13,59.05,10398030.0
025434,01,2018-03-14,58.83,6484199.0
025434,01,2018-03-15,59.37,7362587.0
025434,01,2018-03-16,59.0,12581120.0
025434,01,2018-03-19,58.3,8799524.0
025434,01,2018-03-20,58.66,5861507.0
025434,01,2018-03-21,58.47,6568790.0
025434,01,2018-03-22,57.77,6806785.0
025434,01,2018-03-23,56.31,9462861.0
025434,01,2018-03-26,57.8,8439057.0
025434,01,2018-03-27,57.46,7473294.0
025434,01,2018-03-28,57.9,9238795.0
025434,01,2018-03-29,57.89,11999600.0
025434,01,2018-04-02,56.24,16733260.0
025434,01,2018-04-03,58.0,10894760.0
025434,01,2018-04-04,58.83,7891234.0
025434,01,2018-04-05,59.14,6279071.0
025434,01,2018-04-06,58.34,8258422.0
025434,01,2018-04-09,58.7,8023309.0
025434,01,2018-04-10,59.41,6546109.0
025434,01,2018-04-11,59.42,5387146.0
025434,01,2018-04-12,59.43,6063514.0
025434,01,2018-04-13,59.24,6412343.0
025434,01,2018-04-16,59.43,6117461.0
025434,01,2018-04-17,59.83,6126851.0
025434,01,2018-04-18,59.5,5907794.0
025434,01,2018-04-19,59.22,6249694.0
025434,01,2018-04-20,58.0,11930050.0
025434,01,2018-04-23,58.16,8334186.0
025434,01,2018-04-24,57.81,7774972.0
025434,01,2018-04-25,57.71,8290919.0
025434,01,2018-04-26,59.38,14418550.0
025434,01,2018-04-27,58.36,11967860.0
025434,01,2018-04-30,57.57,7836976.0
025434,01,2018-05-01,58.13,7257339.0
025434,01,2018-05-02,56.7,7298622.0
025434,01,2018-05-03,56.13,7146599.0
025434,01,2018-05-04,57.68,9278074.0
025434,01,2018-05-07,57.45,10658450.0
025434,01,2018-05-08,57.67,7113965.0
025434,01,2018-05-09,57.04,7005284.0
025434,01,2018-05-10,57.65,6564413.0
025434,01,2018-05-11,57.27,5843391.0
025434,01,2018-05-14,57.13,5871061.0
025434,01,2018-05-15,56.64,7409368.0
025434,01,2018-05-16,57.15,4822120.0
025434,01,2018-05-17,57.2,6109593.0
025434,01,2018-05-18,57.16,7715141.0
025434,01,2018-05-21,57.34,5270777.0
025434,01,2018-05-22,56.96,5355188.0
025434,01,2018-05-23,57.49,5331787.0
025434,01,2018-05-24,57.68,5681311.0
025434,01,2018-05-25,57.92,6740372.0
025434,01,2018-05-29,57.23,6474424.0
025434,01,2018-05-30,57.48,5731360.0
025434,01,2018-05-31,56.67,9430834.0
025434,01,2018-06-01,56.91,4967434.0
025434,01,2018-06-04,57.07,7428360.0
025434,01,2018-06-05,55.68,18276950.0
025434,01,2018-06-06,57.17,13696180.0
025434,01,2018-06-07,57.14,7919685.0
025434,01,2018-06-08,56.6,8213846.0
025434,01,2018-06-11,56.48,7148007.0
025434,01,2018-06-12,56.48,8190882.0
025434,01,2018-06-13,56.21,8092480.0
025434,01,2018-06-14,57.02,11036920.0
025434,01,2018-06-15,57.11,12407790.0
025434,01,2018-06-18,57.22,9466980.0
025434,01,2018-06-19,57.43,9770572.0
025434,01,2018-06-20,52.22,62013600.0
025434,01,2018-06-21,50.62,30701650.0
025434,01,2018-06-22,51.24,24278310.0
025434,01,2018-06-25,50.66,15575390.0
025434,01,2018-06-26,50.38,12901790.0
025434,01,2018-06-27,49.84,14562940.0
025434,01,2018-06-28,48.54,33177680.0
025434,01,2018-06-29,48.85,17316790.0
025434,01,2018-07-02,49.06,9865953.0
025434,01,2018-07-03,48.77,7517541.0
025434,01,2018-07-05,48.61,9579896.0
025434,01,2018-07-06,48.98,10574120.0
025434,01,2018-07-09,49.9,12797580.0
025434,01,2018-07-10,50.42,9028449.0
025434,01,2018-07-11,50.14,9525525.0
025434,01,2018-07-12,50.25,9334851.0
025434,01,2018-07-13,51.62,21716810.0
025434,01,2018-07-16,50.94,16947850.0
025434,01,2018-07-17,51.28,11417080.0
025434,01,2018-07-18,51.15,13532890.0
025434,01,2018-07-19,51.34,11342410.0
025434,01,2018-07-20,50.91,11024060.0
025434,01,2018-07-23,51.19,8384776.0
025434,01,2018-07-24,51.17,9919452.0
025434,01,2018-07-25,51.62,11348180.0
025434,01,2018-07-26,51.45,10897310.0
025434,01,2018-07-27,52.15,15768100.0
025434,01,2018-07-30,51.9,14429820.0
025434,01,2018-07-31,52.39,9196505.0
025434,01,2018-08-01,51.93,11951110.0
025434,01,2018-08-02,51.68,13632860.0
025434,01,2018-08-03,52.23,8227457.0
025434,01,2018-08-06,52.07,6502582.0
025434,01,2018-08-07,52.07,5868671.0
025434,01,2018-08-08,51.55,7256078.0
025434,01,2018-08-09,51.92,6938535.0
025434,01,2018-08-10,51.51,10537300.0
025434,01,2018-08-13,51.81,7911219.0
025434,01,2018-08-14,52.59,9384243.0
025434,01,2018-08-15,52.75,9565731.0
025434,01,2018-08-16,53.04,8691672.0
025434,01,2018-08-17,53.56,8166586.0
025434,01,2018-08-20,53.92,9783985.0
025434,01,2018-08-21,54.0,7682990.0
025434,01,2018-08-22,52.82,10274100.0
025434,01,2018-08-23,52.66,8258940.0
025434,01,2018-08-24,52.75,9711944.0
025434,01,2018-08-27,52.97,6433640.0
025434,01,2018-08-28,53.05,7088216.0
025434,01,2018-08-29,53.25,6582652.0
025434,01,2018-08-30,53.1,5534544.0
025434,01,2018-08-31,53.45,10848780.0
025434,01,2018-09-04,53.53,8133777.0
025434,01,2018-09-05,53.79,7961785.0
025434,01,2018-09-06,54.21,7803346.0
025434,01,2018-09-07,54.86,10156440.0
025434,01,2018-09-10,54.97,8619864.0
025434,01,2018-09-11,55.12,7871985.0
025434,01,2018-09-12,54.97,7289968.0
025434,01,2018-09-13,54.89,8423806.0
025434,01,2018-09-14,54.75,6417092.0
025434,01,2018-09-17,54.57,9126038.0
025434,01,2018-09-18,55.07,7541316.0
025434,01,2018-09-19,55.43,7384867.0
025434,01,2018-09-20,56.43,10542920.0
025434,01,2018-09-21,57.45,25670350.0
025434,01,2018-09-24,56.69,10610480.0
025434,01,2018-09-25,56.9,9429815.0
025434,01,2018-09-26,57.27,7714013.0
025434,01,2018-09-27,57.34,6584421.0
025434,01,2018-09-28,56.84,8969100.0
025434,01,2018-10-01,55.58,12666540.0
025434,01,2018-10-02,55.59,12642640.0
025434,01,2018-10-03,55.47,7381162.0
025434,01,2018-10-04,55.89,9721169.0
025434,01,2018-10-05,55.76,9731651.0
025434,01,2018-10-08,56.54,9599509.0
025434,01,2018-10-09,57.71,24847970.0
025434,01,2018-10-10,56.01,14158690.0
025434,01,2018-10-11,54.86,15189800.0
025434,01,2018-10-12,56.45,13886480.0
025434,01,2018-10-15,56.75,10109780.0
025434,01,2018-10-16,57.81,11729840.0
025434,01,2018-10-17,59.1,14629470.0
025434,01,2018-10-18,58.64,12184600.0
025434,01,2018-10-19,58.66,10091750.0
025434,01,2018-10-22,58.9,8597308.0
025434,01,2018-10-23,58.81,12830870.0
025434,01,2018-10-24,58.06,11864560.0
025434,01,2018-10-25,58.96,9551147.0
025434,01,2018-10-26,58.07,13363780.0
025434,01,2018-10-29,58.37,14338370.0
025434,01,2018-10-30,58.59,14228620.0
025434,01,2018-10-31,58.27,11558540.0
025434,01,2018-11-01,58.63,18523500.0
025434,01,2018-11-02,64.32,45466560.0
025434,01,2018-11-05,64.48,23240880.0
025434,01,2018-11-06,66.01,15813020.0
025434,01,2018-11-07,68.16,16463590.0
025434,01,2018-11-08,68.72,14079700.0
025434,01,2018-11-09,68.6,8627885.0
025434,01,2018-11-12,67.91,12749330.0
025434,01,2018-11-13,67.41,16629730.0
025434,01,2018-11-14,67.04,13317370.0
025434,01,2018-11-15,67.62,15234650.0
025434,01,2018-11-16,68.16,9276178.0
025434,01,2018-11-19,67.91,10829380.0
025434,01,2018-11-20,67.18,11207710.0
025434,01,2018-11-21,66.77,10977950.0
025434,01,2018-11-23,65.7,7779765.0
025434,01,2018-11-26,65.69,13054190.0
025434,01,2018-11-27,66.08,13149980.0
025434,01,2018-11-28,66.82,12858780.0
025434,01,2018-11-29,66.88,9575694.0
025434,01,2018-11-30,66.72,27024850.0
025434,01,2018-12-03,67.5,13758450.0
025434,01,2018-12-04,66.65,13164400.0
025434,01,2018-12-06,66.55,17080780.0
025434,01,2018-12-07,65.47,11050510.0
025434,01,2018-12-10,65.49,12102430.0
025434,01,2018-12-11,65.92,10902980.0
025434,01,2018-12-12,66.13,11082400.0
025434,01,2018-12-13,66.91,9977871.0
025434,01,2018-12-14,65.34,16828880.0
025434,01,2018-12-17,64.47,15021780.0
025434,01,2018-12-18,64.92,10453850.0
025434,01,2018-12-19,64.06,14202190.0
025434,01,2018-12-20,62.15,20257170.0
025434,01,2018-12-21,61.39,23524320.0
025434,01,2018-12-24,60.56,6323252.0
025434,01,2018-12-26,63.08,16457050.0
025434,01,2018-12-27,63.2,11303400.0
025434,01,2018-12-28,63.39,7711871.0
025434,01,2018-12-31,64.4,7689617.0
025434,01,2019-01-02,64.32,10022120.0
025434,01,2019-01-03,61.53,14376930.0
025434,01,2019-01-04,63.57,12692430.0
025434,01,2019-01-07,63.57,10162040.0
025434,01,2019-01-08,63.62,10789540.0
025434,01,2019-01-09,63.88,13079660.0
025434,01,2019-01-10,64.19,10395910.0
025434,01,2019-01-11,63.73,13798320.0
025434,01,2019-01-14,63.37,9928137.0
025434,01,2019-01-15,64.08,7912667.0
025434,01,2019-01-16,63.77,8072806.0
025434,01,2019-01-17,64.28,6682389.0
025434,01,2019-01-18,64.7,9637932.0
025434,01,2019-01-22,65.39,16400720.0
025434,01,2019-01-23,66.43,12304110.0
025434,01,2019-01-24,64.74,29579510.0
025434,01,2019-01-25,67.09,21880510.0
025434,01,2019-01-28,66.9,11504700.0
025434,01,2019-01-29,67.04,10696490.0
025434,01,2019-01-30,68.15,11670240.0
025434,01,2019-01-31,68.14,24060540.0
025434,01,2019-02-01,68.11,10306100.0
025434,01,2019-02-04,67.58,13547000.0
025434,01,2019-02-05,69.34,12780460.0
025434,01,2019-02-06,68.85,9858533.0
025434,01,2019-02-07,69.14,10107900.0
025434,01,2019-02-08,69.75,8861797.0
025434,01,2019-02-11,69.99,9228304.0
025434,01,2019-02-12,69.75,8846598.0
025434,01,2019-02-13,70.51,10208920.0
025434,01,2019-02-14,70.84,9438372.0
025434,01,2019-02-15,70.71,13883140.0
025434,01,2019-02-19,70.2,9204672.0
025434,01,2019-02-20,70.39,9626399.0
025434,01,2019-02-21,70.7,10861370.0
025434,01,2019-02-22,71.3,11311420.0
025434,01,2019-02-25,71.05,8223885.0
025434,01,2019-02-26,71.14,11982960.0
025434,01,2019-02-27,70.15,13273430.0
025434,01,2019-02-28,70.26,18098330.0
025434,01,2019-03-01,70.85,8059464.0
025434,01,2019-03-04,70.95,9217796.0
025434,01,2019-03-05,71.58,10492690.0
025434,01,2019-03-06,71.27,7620320.0
025434,01,2019-03-07,70.61,7361342.0
025434,01,2019-03-08,69.36,12224440.0
025434,01,2019-03-11,69.68,11405540.0
025434,01,2019-03-12,70.05,12750950.0
025434,01,2019-03-13,70.1,13731730.0
025434,01,2019-03-14,70.74,8906414.0
025434,01,2019-03-15,70.67,13094560.0
025434,01,2019-03-18,70.84,5643909.0
025434,01,2019-03-19,71.38,6883371.0
025434,01,2019-03-20,71.63,9507089.0
025434,01,2019-03-21,72.26,7980758.0
025434,01,2019-03-22,71.96,6888173.0
025434,01,2019-03-25,72.3,6153365.0
025434,01,2019-03-26,72.96,7618942.0
025434,01,2019-03-27,72.74,7654798.0
025434,01,2019-03-28,73.96,6594556.0
025434,01,2019-03-29,74.34,8972463.0
025434,01,2019-04-01,73.96,7976126.0
025434,01,2019-04-02,74.27,5514229.0
025434,01,2019-04-03,74.33,6687644.0
025434,01,2019-04-04,74.35,5449810.0
025434,01,2019-04-05,75.03,5346074.0
025434,01,2019-04-08,75.2,5140364.0
025434,01,2019-04-09,75.12,4904315.0
025434,01,2019-04-10,75.48,5889004.0
025434,01,2019-04-11,75.87,6042545.0
025434,01,2019-04-12,76.65,5193888.0
025434,01,2019-04-15,76.16,7632141.0
025434,01,2019-04-16,75.7,8336593.0
025434,01,2019-04-17,75.12,8500302.0
025434,01,2019-04-18,76.06,6606672.0
025434,01,2019-04-22,75.4,4882354.0
025434,01,2019-04-23,75.99,5273777.0
025434,01,2019-04-24,76.39,8247468.0
025434,01,2019-04-25,77.11,11016420.0
025434,01,2019-04-26,77.45,12549410.0
025434,01,2019-04-29,76.91,5398125.0
025434,01,2019-04-30,77.68,7382071.0
025434,01,2019-05-01,77.52,6659498.0
025434,01,2019-05-02,77.47,6247487.0
025434,01,2019-05-03,78.05,4966657.0
025434,01,2019-05-06,78.06,5606724.0
025434,01,2019-05-07,77.96,8077790.0
025434,01,2019-05-08,78.05,7798063.0
025434,01,2019-05-09,77.9,7326355.0
025434,01,2019-05-10,78.42,6447565.0
025434,01,2019-05-13,76.68,9777504.0
025434,01,2019-05-14,77.06,6870647.0
025434,01,2019-05-15,77.76,5413332.0
025434,01,2019-05-16,78.9,6938025.0
025434,01,2019-05-17,78.91,7379730.0
025434,01,2019-05-20,76.66,11474180.0
025434,01,2019-05-21,77.53,5808063.0
025434,01,2019-05-22,77.25,5602258.0
025434,01,2019-05-23,76.41,9213080.0
025434,01,2019-05-24,76.15,5627442.0
025434,01,2019-05-28,75.7,16168880.0
025434,01,2019-05-29,75.28,10511570.0
025434,01,2019-05-30,76.17,7177115.0
025434,01,2019-05-31,76.06,7621259.0
025434,01,2019-06-03,76.22,8119322.0
025434,01,2019-06-04,78.52,11684270.0
025434,01,2019-06-05,79.96,7436024.0
025434,01,2019-06-06,81.4,10445260.0
025434,01,2019-06-07,82.48,11264640.0
025434,01,2019-06-10,81.93,8101833.0
025434,01,2019-06-11,82.37,6226359.0
025434,01,2019-06-12,82.93,6081417.0
025434,01,2019-06-13,83.35,7139624.0
025434,01,2019-06-14,84.24,9214748.0
025434,01,2019-06-17,83.02,9313522.0
025434,01,2019-06-18,82.92,10581100.0
025434,01,2019-06-19,83.81,5357221.0
025434,01,2019-06-20,84.69,5162485.0
025434,01,2019-06-21,83.82,12575460.0
025434,01,2019-06-24,83.65,6692489.0
025434,01,2019-06-25,84.25,7310824.0
025434,01,2019-06-26,83.38,7473844.0
025434,01,2019-06-27,83.56,6079141.0
025434,01,2019-06-28,83.83,6735130.0
025434,01,2019-07-01,84.55,7931784.0
025434,01,2019-07-02,85.51,6204798.0
025434,01,2019-07-03,87.79,7818552.0
025434,01,2019-07-05,87.79,5732991.0
025434,01,2019-07-08,87.44,6248347.0
025434,01,2019-07-09,87.23,5350644.0
025434,01,2019-07-10,88.38,5270845.0
025434,01,2019-07-11,89.07,6190767.0
025434,01,2019-07-12,89.77,5627404.0
025434,01,2019-07-15,90.16,6059527.0
025434,01,2019-07-16,90.08,5450218.0
025434,01,2019-07-17,90.25,4624461.0
025434,01,2019-07-18,91.5,6439682.0
025434,01,2019-07-19,90.3,10804600.0
025434,01,2019-07-22,90.92,5605449.0
025434,01,2019-07-23,90.11,7607356.0
025434,01,2019-07-24,90.65,5378010.0
025434,01,2019-07-25,90.98,7950462.0
025434,01,2019-07-26,99.11,20837650.0
025434,01,2019-07-29,98.02,11180100.0
025434,01,2019-07-30,96.65,7242420.0
025434,01,2019-07-31,94.69,9879929.0
025434,01,2019-08-01,95.38,8341662.0
025434,01,2019-08-02,95.51,6237039.0
025434,01,2019-08-05,93.7,8854647.0
025434,01,2019-08-06,95.34,7410282.0
025434,01,2019-08-07,95.22,6357404.0
025434,01,2019-08-08,96.27,7200444.0
025434,01,2019-08-09,96.3,5208302.0
025434,01,2019-08-12,94.91,5502038.0
025434,01,2019-08-13,96.63,8935159.0
025434,01,2019-08-14,94.92,9947549.0
025434,01,2019-08-15,95.53,5566095.0
025434,01,2019-08-16,96.52,4867844.0
025434,01,2019-08-19,96.66,5319618.0
025434,01,2019-08-20,95.63,6808584.0
025434,01,2019-08-21,96.32,4740023.0
025434,01,2019-08-22,96.49,5144635.0
025434,01,2019-08-23,94.7,8053467.0
025434,01,2019-08-26,96.5,5800038.0
025434,01,2019-08-27,96.09,6539398.0
025434,01,2019-08-28,97.07,4917389.0
025434,01,2019-08-29,97.7,4513531.0
025434,01,2019-08-30,96.56,5198231.0
025434,01,2019-09-03,96.77,5149807.0
025434,01,2019-09-04,96.11,12936240.0
025434,01,2019-09-05,95.56,5514216.0
025434,01,2019-09-06,95.74,3990565.0
025434,01,2019-09-09,94.16,6489135.0
025434,01,2019-09-10,90.35,12481920.0
025434,01,2019-09-11,90.98,8391173.0
025434,01,2019-09-12,92.06,6861017.0
025434,01,2019-09-13,90.48,6970700.0
025434,01,2019-09-16,89.42,6334943.0
025434,01,2019-09-17,90.75,6511319.0
025434,01,2019-09-18,90.96,4556855.0
025434,01,2019-09-19,91.56,4873013.0
025434,01,2019-09-20,90.07,11230200.0
025434,01,2019-09-23,90.81,4815548.0
025434,01,2019-09-24,89.92,5686794.0
025434,01,2019-09-25,90.35,5265481.0
025434,01,2019-09-26,89.8,5531186.0
025434,01,2019-09-27,88.37,5987191.0
025434,01,2019-09-30,88.42,6649357.0
025434,01,2019-10-01,86.51,6802301.0
025434,01,2019-10-02,84.32,10034470.0
025434,01,2019-10-03,84.67,6030699.0
025434,01,2019-10-04,85.92,5891152.0
025434,01,2019-10-07,85.85,4440350.0
025434,01,2019-10-08,84.91,6386356.0
025434,01,2019-10-09,85.85,4442440.0
025434,01,2019-10-10,85.96,4256758.0
025434,01,2019-10-11,86.36,5621267.0
025434,01,2019-10-14,86.62,4932449.0
025434,01,2019-10-15,86.45,4720825.0
025434,01,2019-10-16,86.71,3703061.0
025434,01,2019-10-17,86.29,4396837.0
025434,01,2019-10-18,86.03,4630744.0
025434,01,2019-10-21,85.35,5006956.0
025434,01,2019-10-22,83.46,5804826.0
025434,01,2019-10-23,82.74,7185052.0
025434,01,2019-10-24,83.18,4629884.0
025434,01,2019-10-25,83.38,5232435.0
025434,01,2019-10-28,83.6,6648983.0
025434,01,2019-10-29,84.13,5685974.0
025434,01,2019-10-30,84.19,8672325.0
025434,01,2019-10-31,84.56,13986330.0
025434,01,2019-11-01,83.21,10645750.0
025434,01,2019-11-04,82.37,8194118.0
025434,01,2019-11-05,81.89,7052106.0
025434,01,2019-11-06,82.99,6362765.0
025434,01,2019-11-07,81.95,7219664.0
025434,01,2019-11-08,81.77,7053551.0
025434,01,2019-11-11,82.43,5827446.0
025434,01,2019-11-12,83.32,8551005.0
025434,01,2019-11-13,83.94,7436132.0
025434,01,2019-11-14,84.38,5284016.0
025434,01,2019-11-15,84.21,7472884.0
025434,01,2019-11-18,84.02,6429733.0
025434,01,2019-11-19,83.66,6007820.0
025434,01,2019-11-20,83.6,6247360.0
025434,01,2019-11-21,82.3,8296651.0
025434,01,2019-11-22,83.02,6080260.0
025434,01,2019-11-25,83.75,5450072.0
025434,01,2019-11-26,84.56,7656785.0
025434,01,2019-11-27,85.77,7499875.0
025434,01,2019-11-29,85.43,3857027.0
025434,01,2019-12-02,84.57,6425714.0
025434,01,2019-12-03,84.82,6076316.0
025434,01,2019-12-04,85.4,5940039.0
025434,01,2019-12-05,84.45,5170791.0
025434,01,2019-12-06,86.32,8482649.0
025434,01,2019-12-09,86.28,7164560.0
025434,01,2019-12-10,86.04,7941951.0
025434,01,2019-12-11,86.59,4921598.0
025434,01,2019-12-12,88.21,10275870.0
025434,01,2019-12-13,88.67,6711573.0
025434,01,2019-12-16,88.78,6705081.0
025434,01,2019-12-17,88.13,7296408.0
025434,01,2019-12-18,87.99,5857021.0
025434,01,2019-12-19,88.52,6021782.0
025434,01,2019-12-20,88.46,14270970.0
025434,01,2019-12-23,88.23,4349601.0
025434,01,2019-12-24,88.52,1847770.0
025434,01,2019-12-26,88.075,4176118.0
025434,01,2019-12-27,88.13,4122042.0
025434,01,2019-12-30,87.44,4654828.0
025434,01,2019-12-31,87.92,4115457.0
025434,01,2020-01-02,89.35,6473458.0
025434,01,2020-01-03,88.83,4872912.0
025434,01,2020-01-06,88.13,5406901.0
025434,01,2020-01-07,87.86,6180459.0
025434,01,2020-01-08,88.88,7296009.0
025434,01,2020-01-09,90.53,9436505.0
025434,01,2020-01-10,90.16,7097736.0
025434,01,2020-01-13,91.08,7381505.0
025434,01,2020-01-14,90.99,5855044.0
025434,01,2020-01-15,91.54,6145199.0
025434,01,2020-01-16,92.58,5178759.0
025434,01,2020-01-17,93.62,6897157.0
025434,01,2020-01-21,92.53,7093376.0
025434,01,2020-01-22,92.53,6156590.0
025434,01,2020-01-23,93.75,6100608.0
025434,01,2020-01-24,92.03,7810195.0
025434,01,2020-01-27,88.73,11058600.0
025434,01,2020-01-28,88.6,11753310.0
025434,01,2020-01-29,86.72,17665860.0
025434,01,2020-01-30,85.84,12198940.0
025434,01,2020-01-31,84.83,11669310.0
025434,01,2020-02-03,86.01,9087447.0
025434,01,2020-02-04,88.38,9977633.0
025434,01,2020-02-05,87.56,9968445.0
025434,01,2020-02-06,86.15,8874981.0
025434,01,2020-02-07,86.42,8072961.0
025434,01,2020-02-10,87.53,7288118.0
025434,01,2020-02-11,87.51,5098043.0
025434,01,2020-02-12,88.57,7739357.0
025434,01,2020-02-13,89.925,8574520.0
025434,01,2020-02-14,89.28,5686292.0
025434,01,2020-02-18,89.23,5288206.0
025434,01,2020-02-19,90.14,5208083.0
025434,01,2020-02-20,88.6,5967768.0
025434,01,2020-02-21,87.36,5800430.0
025434,01,2020-02-24,84.52,8310324.0
025434,01,2020-02-25,82.19,9397314.0
025434,01,2020-02-26,80.67,10539530.0
025434,01,2020-02-27,78.29,17106800.0
025434,01,2020-02-28,78.43,19107620.0
025434,01,2020-03-02,82.38,14251760.0
025434,01,2020-03-03,78.6,12385990.0
025434,01,2020-03-04,79.67,10987610.0
025434,01,2020-03-05,76.19,12541000.0
025434,01,2020-03-06,75.34,18068850.0
025434,01,2020-03-09,70.83,15920010.0
025434,01,2020-03-10,74.87,18390810.0
025434,01,2020-03-11,68.3,17126540.0
025434,01,2020-03-12,62.1,25138520.0
025434,01,2020-03-13,69.92,19212220.0
025434,01,2020-03-16,58.59,23337020.0
025434,01,2020-03-17,58.98,25037850.0
025434,01,2020-03-18,56.33,28359290.0
025434,01,2020-03-19,61.41,25131860.0
025434,01,2020-03-20,58.03,28031030.0
025434,01,2020-03-23,56.55,24861890.0
025434,01,2020-03-24,64.88,28240040.0
025434,01,2020-03-25,65.81,22956570.0
025434,01,2020-03-26,69.9,20989000.0
025434,01,2020-03-27,66.34,18937630.0
025434,01,2020-03-30,67.86,14184400.0
025434,01,2020-03-31,65.74,20081760.0
025434,01,2020-04-01,62.62,12860560.0
025434,01,2020-04-02,65.0,18155630.0
025434,01,2020-04-03,63.05,14657970.0
025434,01,2020-04-06,67.79,17963950.0
025434,01,2020-04-07,68.71,13791260.0
025434,01,2020-04-08,71.57,10179630.0
025434,01,2020-04-09,73.88,19716490.0
025434,01,2020-04-13,71.76,11162520.0
025434,01,2020-04-14,73.67,10892800.0
025434,01,2020-04-15,72.55,10636900.0
025434,01,2020-04-16,73.51,11866510.0
025434,01,2020-04-17,77.1,14263290.0
025434,01,2020-04-20,75.32,9679665.0
025434,01,2020-04-21,72.72,10336230.0
025434,01,2020-04-22,77.45,11345250.0
025434,01,2020-04-23,75.15,15497690.0
025434,01,2020-04-24,75.58,8452867.0
025434,01,2020-04-27,77.74,8230220.0
025434,01,2020-04-28,78.69,12680040.0
025434,01,2020-04-29,76.86,24494230.0
025434,01,2020-04-30,76.73,15158680.0
025434,01,2020-05-01,73.79,11202780.0
025434,01,2020-05-04,71.89,12878270.0
025434,01,2020-05-05,72.9,12950510.0
025434,01,2020-05-06,72.96,12669290.0
025434,01,2020-05-07,76.0,13351900.0
025434,01,2020-05-08,77.87,11908630.0
025434,01,2020-05-11,75.87,8994882.0
025434,01,2020-05-12,74.35,8499505.0
025434,01,2020-05-13,73.62,11520790.0
025434,01,2020-05-14,74.19,11918500.0
025434,01,2020-05-15,74.16,9486136.0
025434,01,2020-05-18,76.23,8902601.0
025434,01,2020-05-19,75.86,6474490.0
025434,01,2020-05-20,77.76,7785098.0
025434,01,2020-05-21,78.05,10305650.0
025434,01,2020-05-22,77.62,7649770.0
025434,01,2020-05-26,77.76,8414153.0
025434,01,2020-05-27,78.6,8087218.0
025434,01,2020-05-28,78.54,8322733.0
025434,01,2020-05-29,77.99,10035910.0
025434,01,2020-06-01,78.32,7920192.0
025434,01,2020-06-02,77.78,9511789.0
025434,01,2020-06-03,79.58,9951529.0
025434,01,2020-06-04,78.74,7662541.0
025434,01,2020-06-05,82.14,12023420.0
025434,01,2020-06-08,83.56,10217610.0
025434,01,2020-06-09,82.37,7996193.0
025434,01,2020-06-10,79.01,19631620.0
025434,01,2020-06-11,72.57,26380020.0
025434,01,2020-06-12,76.38,18517710.0
025434,01,2020-06-15,76.96,14640660.0
025434,01,2020-06-16,77.84,10873360.0
025434,01,2020-06-17,77.1,6902626.0
025434,01,2020-06-18,76.31,8482561.0
025434,01,2020-06-19,75.4,12469630.0
025434,01,2020-06-22,75.4,8230247.0
025434,01,2020-06-23,75.49,8067772.0
025434,01,2020-06-24,73.64,12287250.0
025434,01,2020-06-25,73.85,8622365.0
025434,01,2020-06-26,71.57,17489950.0
025434,01,2020-06-29,73.48,8622632.0
025434,01,2020-06-30,73.59,11322110.0
025434,01,2020-07-01,74.03,6735572.0
025434,01,2020-07-02,73.78,6539151.0
025434,01,2020-07-06,75.44,7223323.0
025434,01,2020-07-07,74.25,7509898.0
025434,01,2020-07-08,74.14,7343348.0
025434,01,2020-07-09,73.57,9589519.0
025434,01,2020-07-10,74.29,7522136.0
025434,01,2020-07-13,72.65,9450907.0
025434,01,2020-07-14,72.73,8685240.0
025434,01,2020-07-15,75.61,10295060.0
025434,01,2020-07-16,74.39,6648366.0
025434,01,2020-07-17,74.16,6083862.0
025434,01,2020-07-20,74.96,8828116.0
025434,01,2020-07-21,75.44,10636370.0
025434,01,2020-07-22,77.24,9205589.0
025434,01,2020-07-23,75.36,7789592.0
025434,01,2020-07-24,75.78,5671527.0
025434,01,2020-07-27,76.46,6714590.0
025434,01,2020-07-28,74.64,11854530.0
025434,01,2020-07-29,77.42,15250070.0
025434,01,2020-07-30,76.64,7880312.0
025434,01,2020-07-31,76.53,7422791.0
025434,01,2020-08-03,75.5,7137019.0
025434,01,2020-08-04,75.13,12789970.0
025434,01,2020-08-05,75.78,7780375.0
025434,01,2020-08-06,75.66,6762171.0
025434,01,2020-08-07,75.79,6567068.0
025434,01,2020-08-10,77.47,6602196.0
025434,01,2020-08-11,78.87,10225820.0
025434,01,2020-08-12,79.29,5370940.0
025434,01,2020-08-13,79.02,4382370.0
025434,01,2020-08-14,78.37,3765737.0
025434,01,2020-08-17,78.95,5348273.0
025434,01,2020-08-18,78.99,5270150.0
025434,01,2020-08-19,77.63,6834943.0
025434,01,2020-08-20,77.22,5064962.0
025434,01,2020-08-21,77.07,5592091.0
025434,01,2020-08-24,78.68,5858940.0
025434,01,2020-08-25,82.72,17635180.0
025434,01,2020-08-26,82.41,7928935.0
025434,01,2020-08-27,83.41,9094496.0
025434,01,2020-08-28,85.0,9286514.0
025434,01,2020-08-31,84.47,6377536.0
025434,01,2020-09-01,86.05,8164620.0
025434,01,2020-09-02,88.35,11315380.0
025434,01,2020-09-03,86.48,11014390.0
025434,01,2020-09-04,86.27,10291270.0
025434,01,2020-09-08,85.41,11075800.0
025434,01,2020-09-09,85.86,6925503.0
025434,01,2020-09-10,84.88,7547570.0
025434,01,2020-09-11,85.27,7101233.0
025434,01,2020-09-14,86.63,5533402.0
025434,01,2020-09-15,87.71,8358869.0
025434,01,2020-09-16,88.38,7146304.0
025434,01,2020-09-17,86.75,7382170.0
025434,01,2020-09-18,84.95,10111450.0
025434,01,2020-09-21,83.89,7174114.0
025434,01,2020-09-22,83.95,4459037.0
025434,01,2020-09-23,82.99,6408656.0
025434,01,2020-09-24,83.04,4861093.0
025434,01,2020-09-25,84.3,5978494.0
025434,01,2020-09-28,86.07,5970629.0
025434,01,2020-09-29,84.8,4059065.0
025434,01,2020-09-30,85.92,10119380.0
025434,01,2020-10-01,86.74,7229927.0
025434,01,2020-10-02,86.57,5600956.0
025434,01,2020-10-05,88.47,7001691.0
025434,01,2020-10-06,87.01,7946152.0
025434,01,2020-10-07,88.45,5177498.0
025434,01,2020-10-08,89.53,4951659.0
025434,01,2020-10-09,90.01,6193567.0
025434,01,2020-10-12,90.78,5907599.0
025434,01,2020-10-13,90.16,5730521.0
025434,01,2020-10-14,89.31,4759732.0
025434,01,2020-10-15,88.83,5001832.0
025434,01,2020-10-16,88.52,4697957.0
025434,01,2020-10-19,87.6,5424371.0
025434,01,2020-10-20,88.51,4561098.0
025434,01,2020-10-21,88.27,4115738.0
025434,01,2020-10-22,89.36,4256946.0
025434,01,2020-10-23,90.8,7808768.0
025434,01,2020-10-26,89.66,7755585.0
025434,01,2020-10-27,90.05,8004325.0
025434,01,2020-10-28,87.17,12734710.0
025434,01,2020-10-29,88.3,8422198.0
025434,01,2020-10-30,86.96,11400110.0
025434,01,2020-11-02,85.97,8898721.0
025434,01,2020-11-03,88.39,6908326.0
025434,01,2020-11-04,89.79,10506420.0
025434,01,2020-11-05,90.62,6165816.0
025434,01,2020-11-06,90.65,6624220.0
025434,01,2020-11-09,95.88,16212590.0
025434,01,2020-11-10,93.92,10446000.0
025434,01,2020-11-11,95.04,8292194.0
025434,01,2020-11-12,93.53,7058252.0
025434,01,2020-11-13,95.56,5515798.0
025434,01,2020-11-16,97.78,9361727.0
025434,01,2020-11-17,98.6,8720250.0
025434,01,2020-11-18,97.91,6037141.0
025434,01,2020-11-19,97.76,4247550.0
025434,01,2020-11-20,97.01,4609497.0
025434,01,2020-11-23,96.88,4801436.0
025434,01,2020-11-24,98.3,6319580.0
025434,01,2020-11-25,98.2,4025589.0
025434,01,2020-11-27,98.66,2169708.0
025434,01,2020-11-30,98.02,5194710.0
025434,01,2020-12-01,98.82,4969754.0
025434,01,2020-12-02,98.91,3377297.0
025434,01,2020-12-03,100.11,6258442.0
025434,01,2020-12-04,102.28,6943005.0
025434,01,2020-12-07,101.41,4504714.0
025434,01,2020-12-08,101.21,3870262.0
025434,01,2020-12-09,100.4,6600108.0
025434,01,2020-12-10,105.39,12831680.0
025434,01,2020-12-11,103.0,6260139.0
025434,01,2020-12-14,103.32,5013667.0
025434,01,2020-12-15,104.18,4916870.0
025434,01,2020-12-16,103.27,6166822.0
025434,01,2020-12-17,103.21,4531588.0
025434,01,2020-12-18,103.28,10133020.0
025434,01,2020-12-21,102.94,7173879.0
025434,01,2020-12-22,102.41,4291905.0
025434,01,2020-12-23,102.06,3815907.0
025434,01,2020-12-24,102.01,1949183.0
025434,01,2020-12-28,104.34,5034316.0
025434,01,2020-12-29,105.63,4777442.0
025434,01,2020-12-30,105.97,3653761.0
025434,01,2020-12-31,106.98,3565393.0
025434,01,2021-01-04,103.1,8037044.0
025434,01,2021-01-05,103.44,5719217.0
025434,01,2021-01-06,104.19,5016643.0
025434,01,2021-01-07,103.35,5050415.0
025434,01,2021-01-08,105.67,5866016.0
025434,01,2021-01-11,104.6,4256933.0
025434,01,2021-01-12,102.82,4297617.0
025434,01,2021-01-13,102.89,4674807.0
025434,01,2021-01-14,101.82,4522725.0
025434,01,2021-01-15,102.33,5521628.0
025434,01,2021-01-19,102.54,6517512.0
025434,01,2021-01-20,105.46,5815565.0
025434,01,2021-01-21,104.58,5728326.0
025434,01,2021-01-22,103.91,5227949.0
025434,01,2021-01-25,103.45,5005973.0
025434,01,2021-01-26,104.69,7104903.0
025434,01,2021-01-27,97.87,18122220.0
025434,01,2021-01-28,98.15,8846487.0
025434,01,2021-01-29,96.81,8120418.0
025434,01,2021-02-01,98.58,7195943.0
025434,01,2021-02-02,101.65,6911975.0
025434,01,2021-02-03,101.02,3927041.0
025434,01,2021-02-04,103.64,6924543.0
025434,01,2021-02-05,106.48,8059576.0
025434,01,2021-02-08,106.26,4833806.0
025434,01,2021-02-09,106.22,4093816.0
025434,01,2021-02-10,105.87,4291914.0
025434,01,2021-02-11,105.86,2974708.0
025434,01,2021-02-12,105.3,3167061.0
025434,01,2021-02-16,106.15,4924796.0
025434,01,2021-02-17,104.44,5733702.0
025434,01,2021-02-18,104.97,4097411.0
025434,01,2021-02-19,103.37,4128326.0
025434,01,2021-02-22,101.81,5194227.0
025434,01,2021-02-23,101.37,8737796.0
025434,01,2021-02-24,104.38,7532506.0
025434,01,2021-02-25,103.47,7528978.0
025434,01,2021-02-26,108.03,15110590.0
025434,01,2021-03-01,106.87,7928326.0
025434,01,2021-03-02,107.2,4905710.0
025434,01,2021-03-03,106.22,5311434.0
025434,01,2021-03-04,104.89,7099473.0
025434,01,2021-03-05,105.2,5558362.0
025434,01,2021-03-08,105.03,4957253.0
025434,01,2021-03-09,106.55,5506547.0
025434,01,2021-03-10,107.78,6026762.0
025434,01,2021-03-11,107.32,4666554.0
025434,01,2021-03-12,107.81,3319501.0
025434,01,2021-03-15,108.9,7105842.0
025434,01,2021-03-16,111.34,11364980.0
025434,01,2021-03-17,110.46,10124710.0
025434,01,2021-03-18,107.62,7798229.0
025434,01,2021-03-19,106.34,20353360.0
025434,01,2021-03-22,107.57,7432287.0
025434,01,2021-03-23,106.25,5656852.0
025434,01,2021-03-24,104.97,5729570.0
025434,01,2021-03-25,107.35,8146772.0
025434,01,2021-03-26,109.9,6164289.0
025434,01,2021-03-29,109.13,5140161.0
025434,01,2021-03-30,110.27,4549431.0
025434,01,2021-03-31,109.27,6448735.0
025434,01,2021-04-01,109.38,5791374.0
025434,01,2021-04-05,111.02,6911288.0
025434,01,2021-04-06,113.15,6577344.0
025434,01,2021-04-07,113.19,5611664.0
025434,01,2021-04-08,113.04,5007990.0
025434,01,2021-04-09,113.18,4112828.0
025434,01,2021-04-12,113.81,4705337.0
025434,01,2021-04-13,115.36,4604205.0
025434,01,2021-04-14,115.16,3993519.0
025434,01,2021-04-15,116.66,5077449.0
025434,01,2021-04-16,118.34,5776450.0
025434,01,2021-04-19,117.6,4888537.0
025434,01,2021-04-20,116.27,5660488.0
025434,01,2021-04-21,116.74,4383254.0
025434,01,2021-04-22,115.92,5735447.0
025434,01,2021-04-23,117.56,4559173.0
025434,01,2021-04-26,115.92,5892118.0
025434,01,2021-04-27,116.15,7181349.0
025434,01,2021-04-28,112.4,14769780.0
025434,01,2021-04-29,114.63,8932678.0
025434,01,2021-04-30,114.49,6476292.0
025434,01,2021-05-03,115.72,5048516.0
025434,01,2021-05-04,114.11,6259369.0
025434,01,2021-05-05,113.48,4676053.0
025434,01,2021-05-06,114.74,4111057.0
025434,01,2021-05-07,114.34,4864870.0
025434,01,2021-05-10,114.3,5757116.0
025434,01,2021-05-11,113.55,7773461.0
025434,01,2021-05-12,109.79,7958104.0
025434,01,2021-05-13,110.49,7997016.0
025434,01,2021-05-14,111.2,6834492.0
025434,01,2021-05-17,110.98,4519580.0
025434,01,2021-05-18,111.07,5176696.0
025434,01,2021-05-19,109.67,5997098.0
025434,01,2021-05-20,111.41,5344561.0
025434,01,2021-05-21,110.92,5130729.0
025434,01,2021-05-24,112.52,5434926.0
025434,01,2021-05-25,112.63,4609460.0
025434,01,2021-05-26,112.85,3840069.0
025434,01,2021-05-27,113.51,7356698.0
025434,01,2021-05-28,113.88,4236858.0
025434,01,2021-06-01,113.34,4304878.0
025434,01,2021-06-02,113.0,5044227.0
025434,01,2021-06-03,111.12,5723103.0
025434,01,2021-06-04,111.99,4472220.0
025434,01,2021-06-07,111.33,3957544.0
025434,01,2021-06-08,111.52,4668450.0
025434,01,2021-06-09,111.39,3669246.0
025434,01,2021-06-10,112.21,3832034.0
025434,01,2021-06-11,112.56,3228467.0
025434,01,2021-06-14,112.45,4220216.0
025434,01,2021-06-15,111.89,3483314.0
025434,01,2021-06-16,111.36,4431284.0
025434,01,2021-06-17,111.39,4007565.0
025434,01,2021-06-18,109.7,6957406.0
025434,01,2021-06-21,110.97,5628302.0
025434,01,2021-06-22,111.85,3583300.0
025434,01,2021-06-23,111.56,3551199.0
025434,01,2021-06-24,111.99,3783756.0
025434,01,2021-06-25,113.04,12158540.0
025434,01,2021-06-28,112.24,4543453.0
025434,01,2021-06-29,112.27,3788286.0
025434,01,2021-06-30,111.81,6757989.0
025434,01,2021-07-01,113.41,4808556.0
025434,01,2021-07-02,114.97,4721403.0
025434,01,2021-07-06,115.73,5284048.0
025434,01,2021-07-07,117.14,5380706.0
025434,01,2021-07-08,115.99,4483944.0
025434,01,2021-07-09,117.47,3533056.0
025434,01,2021-07-12,118.46,5683114.0
025434,01,2021-07-13,119.55,5519480.0
025434,01,2021-07-14,119.8,5698370.0
025434,01,2021-07-15,118.97,6466851.0
025434,01,2021-07-16,118.73,5022194.0
025434,01,2021-07-19,115.32,7723921.0
025434,01,2021-07-20,117.42,5117640.0
025434,01,2021-07-21,119.27,4375961.0
025434,01,2021-07-22,122.63,7166201.0
025434,01,2021-07-23,125.97,7929663.0
025434,01,2021-07-26,126.06,4809287.0
025434,01,2021-07-27,126.03,5874799.0
025434,01,2021-07-28,122.41,11506220.0
025434,01,2021-07-29,122.38,6609920.0
025434,01,2021-07-30,121.43,5710675.0
025434,01,2021-08-02,120.37,5991783.0
025434,01,2021-08-03,119.13,6024626.0
025434,01,2021-08-04,118.25,6673385.0
025434,01,2021-08-05,119.03,4279597.0
025434,01,2021-08-06,119.05,6830132.0
025434,01,2021-08-09,117.94,4555378.0
025434,01,2021-08-10,116.39,9832214.0
025434,01,2021-08-11,116.5,6470685.0
025434,01,2021-08-12,115.75,4357796.0
025434,01,2021-08-13,116.76,4360198.0
025434,01,2021-08-16,117.54,5973841.0
025434,01,2021-08-17,116.57,4718426.0
025434,01,2021-08-18,115.68,4517849.0
025434,01,2021-08-19,114.32,5316672.0
025434,01,2021-08-20,114.63,3466009.0
025434,01,2021-08-23,115.15,4230438.0
025434,01,2021-08-24,115.08,3442780.0
025434,01,2021-08-25,115.57,3749608.0
025434,01,2021-08-26,114.32,5187041.0
025434,01,2021-08-27,115.12,4200752.0
025434,01,2021-08-30,115.61,3074245.0
025434,01,2021-08-31,117.49,6993543.0
025434,01,2021-09-01,117.45,4400044.0
025434,01,2021-09-02,117.37,3801644.0
025434,01,2021-09-03,117.19,2920544.0
025434,01,2021-09-07,115.79,4261598.0
025434,01,2021-09-08,118.04,5531295.0
025434,01,2021-09-09,118.79,4708239.0
025434,01,2021-09-10,119.34,6309221.0
025434,01,2021-09-13,119.18,4377595.0
025434,01,2021-09-14,118.86,4557698.0
025434,01,2021-09-15,114.64,11492400.0
025434,01,2021-09-16,114.67,7994486.0
025434,01,2021-09-17,113.41,9257685.0
025434,01,2021-09-20,111.82,7792837.0
025434,01,2021-09-21,112.22,5466047.0
025434,01,2021-09-22,113.07,4547019.0
025434,01,2021-09-23,114.14,3840903.0
025434,01,2021-09-24,114.11,3936716.0
025434,01,2021-09-27,113.68,3988577.0
025434,01,2021-09-28,111.71,5776289.0
025434,01,2021-09-29,112.17,4384620.0
025434,01,2021-09-30,110.31,5922388.0
025434,01,2021-10-01,112.92,5633612.0
025434,01,2021-10-04,111.46,4495103.0
025434,01,2021-10-05,110.85,5730124.0
025434,01,2021-10-06,111.64,5729596.0
025434,01,2021-10-07,112.21,5547371.0
025434,01,2021-10-08,111.22,3785110.0
025434,01,2021-10-11,110.94,5983056.0
025434,01,2021-10-12,111.0,3864430.0
025434,01,2021-10-13,110.76,4805801.0
025434,01,2021-10-14,111.87,5194394.0
025434,01,2021-10-15,111.45,5855164.0
025434,01,2021-10-18,113.37,4888986.0
025434,01,2021-10-19,113.49,5796718.0
025434,01,2021-10-20,113.86,7642113.0
025434,01,2021-10-21,114.44,3674686.0
025434,01,2021-10-22,114.55,3395614.0
025434,01,2021-10-25,114.71,4289244.0
025434,01,2021-10-26,114.92,5945767.0
025434,01,2021-10-27,113.51,5850226.0
025434,01,2021-10-28,113.2,7449126.0
025434,01,2021-10-29,106.07,27388890.0
025434,01,2021-11-01,109.8,14173620.0
025434,01,2021-11-02,111.45,11535980.0
025434,01,2021-11-03,112.61,6419153.0
025434,01,2021-11-04,112.16,8208692.0
025434,01,2021-11-05,116.91,10252730.0
025434,01,2021-11-08,115.16,8740204.0
025434,01,2021-11-09,114.13,6745629.0
025434,01,2021-11-10,113.25,6560798.0
025434,01,2021-11-11,111.44,7188170.0
025434,01,2021-11-12,111.72,7344834.0
025434,01,2021-11-15,111.87,6564422.0
025434,01,2021-11-16,112.23,7919162.0
025434,01,2021-11-17,112.52,5761838.0
025434,01,2021-11-18,112.9,5623456.0
025434,01,2021-11-19,110.78,6921070.0
025434,01,2021-11-22,111.45,5966199.0
025434,01,2021-11-23,113.58,7910258.0
025434,01,2021-11-24,113.97,4462967.0
025434,01,2021-11-26,110.66,6703214.0
025434,01,2021-11-29,110.73,7101799.0
025434,01,2021-11-30,109.64,9481377.0
025434,01,2021-12-01,108.66,7618177.0
025434,01,2021-12-02,111.42,7707599.0
025434,01,2021-12-03,111.24,6875520.0
025434,01,2021-12-06,113.36,8122892.0
025434,01,2021-12-07,116.26,8774929.0
025434,01,2021-12-08,116.25,5806036.0
025434,01,2021-12-09,115.35,5663333.0
025434,01,2021-12-10,116.73,6110660.0
025434,01,2021-12-13,115.56,6395686.0
025434,01,2021-12-14,114.71,6537801.0
025434,01,2021-12-15,114.68,6892907.0
025434,01,2021-12-16,113.59,7539287.0
025434,01,2021-12-17,108.63,13694360.0
025434,01,2021-12-20,108.09,6311239.0
025434,01,2021-12-21,110.37,4679899.0
025434,01,2021-12-22,111.74,3642642.0
025434,01,2021-12-23,112.37,3356463.0
025434,01,2021-12-27,114.22,3716485.0
025434,01,2021-12-28,115.57,4560897.0
025434,01,2021-12-29,116.38,4214803.0
025434,01,2021-12-30,116.24,4068410.0
025434,01,2021-12-31,116.97,3673377.0
025434,01,2022-01-03,116.68,5464029.0
025434,01,2022-01-04,114.24,8366711.0
025434,01,2022-01-05,110.44,8614469.0
025434,01,2022-01-06,111.14,6097036.0
025434,01,2022-01-07,107.57,11253020.0
025434,01,2022-01-10,106.03,8496590.0
025434,01,2022-01-11,104.04,13047210.0
025434,01,2022-01-12,103.87,11804740.0
025434,01,2022-01-13,102.4,9813282.0
025434,01,2022-01-14,100.12,13699610.0
025434,01,2022-01-18,97.73,11394940.0
025434,01,2022-01-19,96.87,10848640.0
025434,01,2022-01-20,95.72,20290230.0
025434,01,2022-01-21,96.31,13428800.0
025434,01,2022-01-24,98.1,17113840.0
025434,01,2022-01-25,97.01,12354660.0
025434,01,2022-01-26,95.58,11857750.0
025434,01,2022-01-27,95.32,7321086.0
025434,01,2022-01-28,97.21,8342204.0
025434,01,2022-01-31,98.32,8799690.0
025434,01,2022-02-01,98.76,11048040.0
025434,01,2022-02-02,97.73,15520760.0
025434,01,2022-02-03,95.94,8893561.0
025434,01,2022-02-04,95.0,8262172.0
025434,01,2022-02-07,95.19,6845743.0
025434,01,2022-02-08,94.92,7158984.0
025434,01,2022-02-09,97.13,9348602.0
025434,01,2022-02-10,95.31,9080590.0
025434,01,2022-02-11,93.73,6921147.0
025434,01,2022-02-14,93.65,7946709.0
025434,01,2022-02-15,94.51,7610629.0
025434,01,2022-02-16,95.18,6542922.0
025434,01,2022-02-17,93.05,6573215.0
025434,01,2022-02-18,93.34,6207431.0
025434,01,2022-02-22,93.11,8620322.0
025434,01,2022-02-23,89.65,9666259.0
025434,01,2022-02-24,91.01,9255186.0
025434,01,2022-02-25,92.58,7031295.0
025434,01,2022-02-28,91.79,8588529.0
025434,01,2022-03-01,90.14,7097032.0
025434,01,2022-03-02,92.77,10717170.0
025434,01,2022-03-03,91.53,6583486.0
025434,01,2022-03-04,90.03,7177855.0
025434,01,2022-03-07,84.46,14600140.0
025434,01,2022-03-08,84.0,10688330.0
025434,01,2022-03-09,87.6,8806263.0
025434,01,2022-03-10,87.16,9111858.0
025434,01,2022-03-11,82.73,15344110.0
025434,01,2022-03-14,79.29,18191760.0
025434,01,2022-03-15,83.12,12536390.0
025434,01,2022-03-16,87.41,21195400.0
025434,01,2022-03-17,87.66,8550768.0
025434,01,2022-03-18,89.6,23746640.0
025434,01,2022-03-21,86.86,11907340.0
025434,01,2022-03-22,87.89,8441576.0
025434,01,2022-03-23,86.22,7667389.0
025434,01,2022-03-24,87.12,6161330.0
025434,01,2022-03-25,87.45,7047533.0
025434,01,2022-03-28,88.38,5978058.0
025434,01,2022-03-29,91.23,8961143.0
025434,01,2022-03-30,91.03,8120294.0
025434,01,2022-03-31,90.97,11301130.0
025434,01,2022-04-01,91.49,6515167.0
025434,01,2022-04-04,88.09,16235560.0
025434,01,2022-04-05,84.12,17514770.0
025434,01,2022-04-06,83.36,10560970.0
025434,01,2022-04-07,83.12,10866830.0
025434,01,2022-04-08,81.52,9275440.0
025434,01,2022-04-11,80.68,8595018.0
025434,01,2022-04-12,79.79,8463400.0
025434,01,2022-04-13,80.92,8591521.0
025434,01,2022-04-14,79.5,9554795.0
025434,01,2022-04-18,79.6,7791019.0
025434,01,2022-04-19,81.22,8615759.0
025434,01,2022-04-20,80.17,8350779.0
025434,01,2022-04-21,78.96,8132468.0
025434,01,2022-04-22,77.92,10299800.0
025434,01,2022-04-25,77.98,10253480.0
025434,01,2022-04-26,75.63,8787732.0
025434,01,2022-04-27,74.74,8456413.0
025434,01,2022-04-28,76.58,8809787.0
025434,01,2022-04-29,74.64,9181130.0
025434,01,2022-05-02,75.37,12371780.0
025434,01,2022-05-03,74.33,15244750.0
025434,01,2022-05-04,81.64,30087550.0
025434,01,2022-05-05,77.48,19108210.0
025434,01,2022-05-06,76.52,11152010.0
025434,01,2022-05-09,73.49,12828010.0
025434,01,2022-05-10,71.86,14080600.0
025434,01,2022-05-11,70.06,12108610.0
025434,01,2022-05-12,69.9,15437920.0
025434,01,2022-05-13,75.6,18154030.0
025434,01,2022-05-16,72.42,11428160.0
025434,01,2022-05-17,73.72,12451310.0
025434,01,2022-05-18,71.28,10570790.0
025434,01,2022-05-19,71.93,11189620.0
025434,01,2022-05-20,73.39,15934690.0
025434,01,2022-05-23,73.42,10733680.0
025434,01,2022-05-24,72.72,9222500.0
025434,01,2022-05-25,72.48,8336850.0
025434,01,2022-05-26,74.49,8938219.0
025434,01,2022-05-27,76.71,8494611.0
025434,01,2022-05-31,78.5,23340540.0
025434,01,2022-06-01,76.28,7557862.0
025434,01,2022-06-02,79.42,10232760.0
025434,01,2022-06-03,79.05,10357790.0
025434,01,2022-06-06,78.98,7236630.0
025434,01,2022-06-07,79.47,5509965.0
025434,01,2022-06-08,78.47,5163440.0
025434,01,2022-06-09,78.91,13200980.0
025434,01,2022-06-10,75.67,8692598.0
025434,01,2022-06-13,72.36,9277971.0
025434,01,2022-06-14,72.31,7631863.0
025434,01,2022-06-15,74.19,7673606.0
025434,01,2022-06-16,70.95,10141170.0
025434,01,2022-06-17,71.87,9551029.0
025434,01,2022-06-21,72.96,7871650.0
025434,01,2022-06-22,73.3,6699959.0
025434,01,2022-06-23,75.2,6581884.0
025434,01,2022-06-24,78.11,18006850.0
025434,01,2022-06-27,77.68,6670098.0
025434,01,2022-06-28,76.34,7142417.0
025434,01,2022-06-29,76.43,8974245.0
025434,01,2022-06-30,76.39,6778608.0
025434,01,2022-07-01,79.26,7534736.0
025434,01,2022-07-05,79.52,8087122.0
025434,01,2022-07-06,78.86,4651905.0
025434,01,2022-07-07,79.24,5391620.0
025434,01,2022-07-08,79.28,3926585.0
025434,01,2022-07-11,77.9,5350952.0
025434,01,2022-07-12,77.76,5391713.0
025434,01,2022-07-13,77.92,3896311.0
025434,01,2022-07-14,78.2,4500165.0
025434,01,2022-07-15,79.62,5582726.0
025434,01,2022-07-18,80.23,6691672.0
025434,01,2022-07-19,82.55,5941083.0
025434,01,2022-07-20,83.27,6848875.0
025434,01,2022-07-21,83.54,7691419.0
025434,01,2022-07-22,83.59,6283063.0
025434,01,2022-07-25,81.5,5853282.0
025434,01,2022-07-26,80.31,6559566.0
025434,01,2022-07-27,82.96,6370476.0
025434,01,2022-07-28,84.67,5581294.0
025434,01,2022-07-29,84.78,5799963.0
025434,01,2022-08-01,84.91,7302009.0
025434,01,2022-08-02,83.71,7164938.0
025434,01,2022-08-03,87.27,12905140.0
025434,01,2022-08-04,86.88,7077462.0
025434,01,2022-08-05,85.73,4827606.0
025434,01,2022-08-08,85.72,4877377.0
025434,01,2022-08-09,84.84,3496966.0
025434,01,2022-08-10,86.49,5069718.0
025434,01,2022-08-11,87.27,5593966.0
025434,01,2022-08-12,88.31,5151932.0
025434,01,2022-08-15,89.16,5598105.0
025434,01,2022-08-16,89.4,4579853.0
025434,01,2022-08-17,88.35,3827544.0
025434,01,2022-08-18,88.55,3420598.0
025434,01,2022-08-19,86.92,4596086.0
025434,01,2022-08-22,84.95,5904134.0
025434,01,2022-08-23,84.69,4558491.0
025434,01,2022-08-24,86.05,4384330.0
025434,01,2022-08-25,87.39,4231132.0
025434,01,2022-08-26,84.06,6672651.0
025434,01,2022-08-29,84.12,5034164.0
025434,01,2022-08-30,83.41,6811412.0
025434,01,2022-08-31,84.07,6554184.0
025434,01,2022-09-01,85.4,7544150.0
025434,01,2022-09-02,82.94,10333260.0
025434,01,2022-09-06,84.52,11058310.0
025434,01,2022-09-07,88.31,9940185.0
025434,01,2022-09-08,89.46,7716788.0
025434,01,2022-09-09,88.69,7093323.0
025434,01,2022-09-12,89.07,9070737.0
025434,01,2022-09-13,87.84,15774990.0
025434,01,2022-09-14,92.7,24315240.0
025434,01,2022-09-15,92.22,11043230.0
025434,01,2022-09-16,91.31,11982920.0
025434,01,2022-09-19,92.14,6283396.0
025434,01,2022-09-20,90.79,6554950.0
025434,01,2022-09-21,88.6,8799975.0
025434,01,2022-09-22,84.7,9948962.0
025434,01,2022-09-23,84.17,7151074.0
025434,01,2022-09-26,84.81,7515020.0
025434,01,2022-09-27,84.28,8621796.0
025434,01,2022-09-28,87.11,7845859.0
025434,01,2022-09-29,86.57,6878769.0
025434,01,2022-09-30,84.26,7733396.0
025434,01,2022-10-03,85.62,6737776.0
025434,01,2022-10-04,88.51,5978831.0
025434,01,2022-10-05,90.12,7976448.0
025434,01,2022-10-06,89.35,6888684.0
025434,01,2022-10-07,87.03,6603914.0
025434,01,2022-10-10,87.06,5091264.0
025434,01,2022-10-11,86.21,5529236.0
025434,01,2022-10-12,86.87,5257726.0
025434,01,2022-10-13,89.37,7614146.0
025434,01,2022-10-14,86.37,6314988.0
025434,01,2022-10-17,88.9,6253480.0
025434,01,2022-10-18,88.96,5483034.0
025434,01,2022-10-19,87.52,6469807.0
025434,01,2022-10-20,86.79,4536834.0
025434,01,2022-10-21,88.61,9086664.0
025434,01,2022-10-24,83.76,16482190.0
025434,01,2022-10-25,85.21,10651850.0
025434,01,2022-10-26,85.89,9984473.0
025434,01,2022-10-27,85.28,9521731.0
025434,01,2022-10-28,87.1,8244317.0
025434,01,2022-10-31,86.59,7400219.0
025434,01,2022-11-01,87.1,6216219.0
025434,01,2022-11-02,84.58,7650780.0
025434,01,2022-11-03,84.68,8785345.0
025434,01,2022-11-04,91.86,20190460.0
025434,01,2022-11-07,90.45,10187680.0
025434,01,2022-11-08,92.75,9670941.0
025434,01,2022-11-09,91.63,6268822.0
025434,01,2022-11-10,96.26,10403920.0
025434,01,2022-11-11,97.38,8292557.0
025434,01,2022-11-14,97.42,8519443.0
025434,01,2022-11-15,97.83,6407559.0
025434,01,2022-11-16,97.07,5348222.0
025434,01,2022-11-17,96.97,5245326.0
025434,01,2022-11-18,97.95,5963970.0
025434,01,2022-11-21,98.32,4496911.0
025434,01,2022-11-22,98.43,5398270.0
025434,01,2022-11-23,99.52,5942523.0
025434,01,2022-11-25,99.56,2320020.0
025434,01,2022-11-28,98.66,5257167.0
025434,01,2022-11-29,98.66,4421534.0
025434,01,2022-11-30,102.2,14982910.0
025434,01,2022-12-01,103.37,7440979.0
025434,01,2022-12-02,105.05,7915343.0
025434,01,2022-12-05,103.55,9284496.0
025434,01,2022-12-06,102.08,8380020.0
025434,01,2022-12-07,101.87,4193603.0
025434,01,2022-12-08,103.74,5464580.0
025434,01,2022-12-09,101.79,7998424.0
025434,01,2022-12-12,102.7,5795328.0
025434,01,2022-12-13,102.11,7060330.0
025434,01,2022-12-14,102.19,5622493.0
025434,01,2022-12-15,99.99,7243852.0
025434,01,2022-12-16,98.83,13859220.0
025434,01,2022-12-19,98.3,5768935.0
025434,01,2022-12-20,98.0,4530224.0
025434,01,2022-12-21,98.67,5564092.0
025434,01,2022-12-22,97.76,4756029.0
025434,01,2022-12-23,98.27,3941610.0
025434,01,2022-12-27,99.2,4398949.0
025434,01,2022-12-28,98.6,3490096.0
025434,01,2022-12-29,99.77,3974204.0
025434,01,2022-12-30,99.2,3987372.0
025434,01,2023-01-03,100.83,6605767.0
025434,01,2023-01-04,104.46,8137149.0
025434,01,2023-01-05,104.43,5572431.0
025434,01,2023-01-06,106.69,9630343.0
025434,01,2023-01-09,104.74,10124020.0
025434,01,2023-01-10,106.0,4182315.0
025434,01,2023-01-11,106.3,5631911.0
025434,01,2023-01-12,105.85,4880810.0
025434,01,2023-01-13,107.23,5524999.0
025434,01,2023-01-17,106.75,7475916.0
025434,01,2023-01-18,105.0,5721671.0
025434,01,2023-01-19,104.26,5114085.0
025434,01,2023-01-20,105.04,6478447.0
025434,01,2023-01-23,106.21,6319530.0
025434,01,2023-01-24,106.64,5501753.0
025434,01,2023-01-25,106.98,5410712.0
025434,01,2023-01-26,108.76,6318733.0
025434,01,2023-01-27,109.02,6845792.0
025434,01,2023-01-30,108.4,6878793.0
025434,01,2023-01-31,109.14,5815060.0
025434,01,2023-02-01,109.99,5827397.0
025434,01,2023-02-02,109.15,9799950.0
025434,01,2023-02-03,104.3,15191140.0
025434,01,2023-02-06,105.02,6386853.0
025434,01,2023-02-07,106.825,6205135.0
025434,01,2023-02-08,106.3,5555522.0
025434,01,2023-02-09,106.05,5602067.0
025434,01,2023-02-10,107.09,6291481.0
025434,01,2023-02-13,108.52,5191120.0
025434,01,2023-02-14,107.98,5107250.0
025434,01,2023-02-15,109.0,4051707.0
025434,01,2023-02-16,107.54,4593455.0
025434,01,2023-02-17,107.1,6875277.0
025434,01,2023-02-21,104.78,5425485.0
025434,01,2023-02-22,104.77,7516830.0
025434,01,2023-02-23,103.51,6857021.0
025434,01,2023-02-24,101.6,6018769.0
025434,01,2023-02-27,102.44,5234799.0
025434,01,2023-02-28,102.09,5184562.0
025434,01,2023-03-01,101.43,5379120.0
025434,01,2023-03-02,103.01,4776570.0
025434,01,2023-03-03,104.55,4880652.0
025434,01,2023-03-06,104.99,5235725.0
025434,01,2023-03-07,103.34,3976135.0
025434,01,2023-03-08,102.5,4223603.0
025434,01,2023-03-09,100.3,5731338.0
025434,01,2023-03-10,99.38,6639928.0
025434,01,2023-03-13,99.08,6407940.0
025434,01,2023-03-14,99.46,6246891.0
025434,01,2023-03-15,99.34,6601553.0
025434,01,2023-03-16,100.43,8187705.0
025434,01,2023-03-17,98.7,10186800.0
025434,01,2023-03-20,99.85,4863365.0
025434,01,2023-03-21,100.54,4741520.0
025434,01,2023-03-22,99.12,5916171.0
025434,01,2023-03-23,98.42,6877273.0
025434,01,2023-03-24,98.34,4684786.0
025434,01,2023-03-27,98.66,6021366.0
025434,01,2023-03-28,98.72,4709409.0
025434,01,2023-03-29,100.62,4945344.0
025434,01,2023-03-30,101.32,4082245.0
025434,01,2023-03-31,104.13,6899098.0
025434,01,2023-04-03,104.85,3854273.0
025434,01,2023-04-04,104.0,3853737.0
025434,01,2023-04-05,104.9,5169510.0
025434,01,2023-04-06,104.68,3154266.0
025434,01,2023-04-10,104.74,3761221.0
025434,01,2023-04-11,105.74,4009250.0
025434,01,2023-04-12,105.6,4605869.0
025434,01,2023-04-13,106.99,4364353.0
025434,01,2023-04-14,107.47,3962030.0
025434,01,2023-04-17,108.31,4780662.0
025434,01,2023-04-18,107.91,5300421.0
025434,01,2023-04-19,107.16,4616372.0
025434,01,2023-04-20,107.05,4296302.0
025434,01,2023-04-21,108.19,4522163.0
025434,01,2023-04-24,109.29,5939903.0
025434,01,2023-04-25,109.34,8728082.0
025434,01,2023-04-26,111.47,8076972.0
025434,01,2023-04-27,112.75,7606434.0
025434,01,2023-04-28,114.29,5969270.0
025434,01,2023-05-01,114.56,6489587.0
025434,01,2023-05-02,114.46,8991727.0
025434,01,2023-05-03,103.96,24355390.0
025434,01,2023-05-04,104.72,8853571.0
025434,01,2023-05-05,107.21,7809136.0
025434,01,2023-05-08,107.17,6089928.0
025434,01,2023-05-09,106.71,3681298.0
025434,01,2023-05-10,106.97,4564038.0
025434,01,2023-05-11,105.63,4790543.0
025434,01,2023-05-12,106.12,5166352.0
025434,01,2023-05-15,106.64,4216784.0
025434,01,2023-05-16,105.28,3671445.0
025434,01,2023-05-17,105.69,4756449.0
025434,01,2023-05-18,107.09,5372850.0
025434,01,2023-05-19,105.51,4982469.0
025434,01,2023-05-22,102.9,7497556.0
025434,01,2023-05-23,100.34,6756570.0
025434,01,2023-05-24,99.61,6130482.0
025434,01,2023-05-25,98.44,8173718.0
025434,01,2023-05-26,98.53,7270069.0
025434,01,2023-05-30,97.75,6501473.0
025434,01,2023-05-31,97.64,10375620.0
025434,01,2023-06-01,97.52,6748459.0
025434,01,2023-06-02,99.5,6218737.0
025434,01,2023-06-05,99.93,6532773.0
025434,01,2023-06-06,98.22,8652959.0
025434,01,2023-06-07,97.92,6283350.0
025434,01,2023-06-08,99.15,6876627.0
025434,01,2023-06-09,97.96,5550116.0
025434,01,2023-06-12,98.46,6704147.0
025434,01,2023-06-13,99.26,5134556.0
025434,01,2023-06-14,100.66,9275720.0
025434,01,2023-06-15,101.38,6445597.0
025434,01,2023-06-16,101.87,11708020.0
025434,01,2023-06-20,101.27,5505547.0
025434,01,2023-06-21,101.87,5507003.0
025434,01,2023-06-22,100.85,6125241.0
025434,01,2023-06-23,98.34,18760000.0
025434,01,2023-06-26,98.23,6067743.0
025434,01,2023-06-27,98.72,5031694.0
025434,01,2023-06-28,98.61,6580802.0
025434,01,2023-06-29,98.68,5110824.0
025434,01,2023-06-30,99.06,6225355.0
025434,01,2023-07-03,99.15,3281097.0
025434,01,2023-07-05,98.46,6364914.0
025434,01,2023-07-06,96.2,7151946.0
025434,01,2023-07-07,96.05,7887254.0
025434,01,2023-07-10,99.13,9292588.0
025434,01,2023-07-11,100.09,5267517.0
025434,01,2023-07-12,101.14,6970703.0
025434,01,2023-07-13,101.6,4502280.0
025434,01,2023-07-14,101.61,3931508.0
025434,01,2023-07-17,100.93,5244243.0
025434,01,2023-07-18,100.76,5987682.0
025434,01,2023-07-19,101.83,5553335.0
025434,01,2023-07-20,100.88,5461879.0
025434,01,2023-07-21,102.82,20368300.0
025434,01,2023-07-24,102.78,4746399.0
025434,01,2023-07-25,102.92,5623797.0
025434,01,2023-07-26,101.73,6565228.0
025434,01,2023-07-27,100.78,5372875.0
025434,01,2023-07-28,101.25,5319639.0
025434,01,2023-07-31,101.57,6359702.0
025434,01,2023-08-01,101.26,7642628.0
025434,01,2023-08-02,102.13,14461610.0
025434,01,2023-08-03,102.33,5544941.0
025434,01,2023-08-04,100.68,5196336.0
025434,01,2023-08-07,101.74,5221403.0
025434,01,2023-08-08,100.695,4057814.0
025434,01,2023-08-09,99.92,4488769.0
025434,01,2023-08-10,101.66,6843247.0
025434,01,2023-08-11,100.99,3179537.0
025434,01,2023-08-14,101.01,3238096.0
025434,01,2023-08-15,100.04,3202088.0
025434,01,2023-08-16,98.98,3677801.0
025434,01,2023-08-17,96.57,5287139.0
025434,01,2023-08-18,97.23,4125002.0
025434,01,2023-08-21,96.46,3748413.0
025434,01,2023-08-22,96.07,3639631.0
025434,01,2023-08-23,95.18,9695850.0
025434,01,2023-08-24,94.83,7821864.0
025434,01,2023-08-25,95.48,5358550.0
025434,01,2023-08-28,97.04,5096955.0
025434,01,2023-08-29,99.15,5511162.0
025434,01,2023-08-30,99.24,4211077.0
025434,01,2023-08-31,97.44,5618277.0
025434,01,2023-09-01,98.0,4746900.0
025434,01,2023-09-05,96.84,5412880.0
025434,01,2023-09-06,95.95,5426977.0
025434,01,2023-09-07,95.1,6401873.0
025434,01,2023-09-08,95.28,4754457.0
025434,01,2023-09-11,95.67,5576298.0
025434,01,2023-09-12,96.24,5007230.0
025434,01,2023-09-13,96.93,5815425.0
025434,01,2023-09-14,97.16,6039224.0
025434,01,2023-09-15,96.23,8766385.0
025434,01,2023-09-18,96.76,4477446.0
025434,01,2023-09-19,95.29,6800232.0
025434,01,2023-09-20,95.16,4571704.0
025434,01,2023-09-21,93.1,6091955.0
025434,01,2023-09-22,93.68,5117125.0
025434,01,2023-09-25,92.74,4815729.0
025434,01,2023-09-26,92.0,6085851.0
025434,01,2023-09-27,91.17,4730247.0
025434,01,2023-09-28,91.08,4727796.0
025434,01,2023-09-29,91.27,7696999.0
025434,01,2023-10-02,91.13,6429106.0
025434,01,2023-10-03,89.48,6659554.0
025434,01,2023-10-04,91.15,6162671.0
025434,01,2023-10-05,92.37,7548441.0
025434,01,2023-10-06,92.85,6976839.0
025434,01,2023-10-09,92.68,4116881.0
025434,01,2023-10-10,93.18,4975169.0
025434,01,2023-10-11,91.95,4498206.0
025434,01,2023-10-12,91.42,5482133.0
025434,01,2023-10-13,91.48,4779772.0
025434,01,2023-10-16,93.65,4587308.0
025434,01,2023-10-17,94.18,6085851.0
025434,01,2023-10-18,93.75,4109209.0
025434,01,2023-10-19,94.42,5598902.0
025434,01,2023-10-20,94.19,4697722.0
025434,01,2023-10-23,94.2,4477074.0
025434,01,2023-10-24,94.62,3597332.0
025434,01,2023-10-25,94.0,5494446.0
025434,01,2023-10-26,92.67,6195564.0
025434,01,2023-10-27,92.02,8289871.0
025434,01,2023-10-30,93.15,7851860.0
025434,01,2023-10-31,92.24,9300208.0
025434,01,2023-11-01,91.35,14276720.0
025434,01,2023-11-02,100.01,23248720.0
025434,01,2023-11-03,102.65,15993510.0
025434,01,2023-11-06,104.03,7530171.0
025434,01,2023-11-07,103.68,6238612.0
025434,01,2023-11-08,104.3,7452312.0
025434,01,2023-11-09,102.23,7604766.0
025434,01,2023-11-10,104.33,7082004.0
025434,01,2023-11-13,103.51,7119636.0
025434,01,2023-11-14,105.6,8319970.0
025434,01,2023-11-15,106.03,7976176.0
025434,01,2023-11-16,107.21,8036132.0
025434,01,2023-11-17,105.57,6341548.0
025434,01,2023-11-20,104.3,9798592.0
025434,01,2023-11-21,103.69,6142577.0
025434,01,2023-11-22,103.44,4828334.0
025434,01,2023-11-24,102.78,3206415.0
025434,01,2023-11-27,102.36,7786914.0
025434,01,2023-11-28,101.18,6842540.0
025434,01,2023-11-29,99.85,8426838.0
025434,01,2023-11-30,99.3,11365370.0
025434,01,2023-12-01,99.2,12314600.0
025434,01,2023-12-04,97.6,11470560.0
025434,01,2023-12-05,95.54,16017480.0
025434,01,2023-12-06,97.02,12112230.0
025434,01,2023-12-07,96.44,7855407.0
025434,01,2023-12-08,96.61,7123756.0
025434,01,2023-12-11,98.12,7631074.0
025434,01,2023-12-12,98.15,6312038.0
025434,01,2023-12-13,98.11,7718181.0
025434,01,2023-12-14,97.84,9754971.0
025434,01,2023-12-15,96.75,12452880.0
025434,01,2023-12-18,96.56,6049875.0
025434,01,2023-12-19,97.72,5980266.0
025434,01,2023-12-20,94.71,10041880.0
025434,01,2023-12-21,95.33,7093174.0
025434,01,2023-12-22,95.28,6359225.0
025434,01,2023-12-26,95.67,3704797.0
025434,01,2023-12-27,95.29,4954055.0
025434,01,2023-12-28,95.93,4515865.0
025434,01,2023-12-29,96.01,6133097.0
025434,01,2024-01-02,93.67,8854666.0
025434,01,2024-01-03,93.23,7155520.0
025434,01,2024-01-04,93.55,7117459.0
025434,01,2024-01-05,92.99,7185059.0
025434,01,2024-01-08,94.19,7534461.0
025434,01,2024-01-09,93.09,6347080.0
025434,01,2024-01-10,93.5,5845118.0
025434,01,2024-01-11,92.94,6479502.0
025434,01,2024-01-12,91.98,5637445.0
025434,01,2024-01-16,92.7,7485561.0
025434,01,2024-01-17,91.77,6670385.0
025434,01,2024-01-18,93.34,7544759.0
025434,01,2024-01-19,93.86,9555258.0
025434,01,2024-01-22,93.07,8873484.0
025434,01,2024-01-23,91.97,10216070.0
025434,01,2024-01-24,92.04,7654000.0
025434,01,2024-01-25,92.61,11986580.0
025434,01,2024-01-26,92.8,9221195.0
025434,01,2024-01-29,93.8,12717180.0
025434,01,2024-01-30,94.08,17019570.0
025434,01,2024-01-31,93.03,26743470.0
025434,01,2024-02-01,93.37,14465270.0
025434,01,2024-02-02,92.99,10707650.0
025434,01,2024-02-05,92.51,7051154.0
025434,01,2024-02-06,95.67,11254620.0
025434,01,2024-02-07,95.31,9070584.0
025434,01,2024-02-08,96.59,9883925.0
025434,01,2024-02-09,97.3,9384731.0
025434,01,2024-02-12,95.47,9219069.0
025434,01,2024-02-13,93.87,8136666.0
025434,01,2024-02-14,94.07,5509282.0
025434,01,2024-02-15,93.22,8873449.0
025434,01,2024-02-16,93.22,5733676.0
025434,01,2024-02-20,93.46,8841715.0
025434,01,2024-02-21,95.02,8283818.0
025434,01,2024-02-22,95.78,8121781.0
025434,01,2024-02-23,95.62,6844818.0
025434,01,2024-02-26,94.28,7042587.0
025434,01,2024-02-27,94.13,5344639.0
025434,01,2024-02-28,93.0,5616018.0
025434,01,2024-02-29,94.9,11217710.0
025434,01,2024-03-01,93.16,7989665.0
025434,01,2024-03-04,92.46,7319231.0
025434,01,2024-03-05,91.22,7270171.0
025434,01,2024-03-06,91.65,4815984.0
025434,01,2024-03-07,90.95,8646694.0
025434,01,2024-03-08,91.06,7670302.0
025434,01,2024-03-11,92.07,6695690.0
025434,01,2024-03-12,92.4,9441392.0
025434,01,2024-03-13,91.61,8250237.0
025434,01,2024-03-14,91.66,8541320.0
025434,01,2024-03-15,90.12,18132670.0
025434,01,2024-03-18,91.01,7409978.0
025434,01,2024-03-19,91.59,5674986.0
025434,01,2024-03-20,92.6,5800312.0
025434,01,2024-03-21,91.66,6285064.0
025434,01,2024-03-22,90.71,6474206.0
025434,01,2024-03-25,90.67,6897680.0
025434,01,2024-03-26,90.36,6213924.0
025434,01,2024-03-27,91.5,5509211.0
025434,01,2024-03-28,91.39,6654505.0
025434,01,2024-04-01,91.53,4985309.0
025434,01,2024-04-02,89.3,8143728.0
025434,01,2024-04-03,88.7,6205782.0
025434,01,2024-04-04,87.62,8044430.0
025434,01,2024-04-05,86.85,7150650.0
025434,01,2024-04-08,87.19,6316510.0
025434,01,2024-04-09,87.13,6233231.0
025434,01,2024-04-10,85.95,7400822.0
025434,01,2024-04-11,85.9,6830743.0
025434,01,2024-04-12,84.92,8588325.0
025434,01,2024-04-15,85.17,9663267.0
025434,01,2024-04-16,85.42,8836498.0
025434,01,2024-04-17,86.21,6839547.0
025434,01,2024-04-18,87.15,11398780.0
025434,01,2024-04-19,87.61,11896550.0
025434,01,2024-04-22,88.18,8667718.0
025434,01,2024-04-23,87.87,5657704.0
025434,01,2024-04-24,88.75,7176339.0
025434,01,2024-04-25,87.84,7111395.0
025434,01,2024-04-26,88.25,7141562.0
025434,01,2024-04-29,88.33,8279366.0
025434,01,2024-04-30,88.49,13224480.0
025434,01,2024-05-01,74.44,66366430.0
025434,01,2024-05-02,74.93,23624140.0
025434,01,2024-05-03,73.11,22099950.0
025434,01,2024-05-06,72.9,18580010.0
025434,01,2024-05-07,72.5,21830020.0
025434,01,2024-05-08,73.5,24392050.0
025434,01,2024-05-09,75.68,18559870.0
025434,01,2024-05-10,76.11,15743180.0
025434,01,2024-05-13,76.18,10935570.0
025434,01,2024-05-14,75.63,10914520.0
025434,01,2024-05-15,75.7,8808573.0
025434,01,2024-05-16,75.28,10749670.0
025434,01,2024-05-17,77.85,14406990.0
025434,01,2024-05-20,77.54,11169020.0
025434,01,2024-05-21,77.72,8705157.0
025434,01,2024-05-22,80.72,22056150.0
025434,01,2024-05-23,78.305,15831200.0
025434,01,2024-05-24,78.87,10742320.0
025434,01,2024-05-28,77.48,8816893.0
025434,01,2024-05-29,76.88,8957613.0
025434,01,2024-05-30,78.76,9291711.0
025434,01,2024-05-31,80.22,12363230.0
025434,01,2024-06-03,82.08,12435170.0
025434,01,2024-06-04,82.79,12364940.0
025434,01,2024-06-05,81.16,11270470.0
025434,01,2024-06-06,81.47,9224206.0
025434,01,2024-06-07,81.43,10560070.0
025434,01,2024-06-10,81.6,8697347.0
025434,01,2024-06-11,79.89,8987670.0
025434,01,2024-06-12,79.38,8593401.0
025434,01,2024-06-13,80.24,13745550.0
025434,01,2024-06-14,79.65,7184933.0
025434,01,2024-06-17,81.33,9775228.0
025434,01,2024-06-18,80.2,9658217.0
025434,01,2024-06-20,79.72,10175220.0
025434,01,2024-06-21,79.91,25647480.0
025434,01,2024-06-24,79.73,7391271.0
025434,01,2024-06-25,79.28,15925600.0
025434,01,2024-06-26,79.15,10663700.0
025434,01,2024-06-27,79.235,10073290.0
025434,01,2024-06-28,77.85,13054950.0
025434,01,2024-07-01,77.13,6482176.0
025434,01,2024-07-02,76.83,8406303.0
025434,01,2024-07-03,76.26,4906747.0
025434,01,2024-07-05,76.05,9660099.0
025434,01,2024-07-08,74.57,8848120.0
025434,01,2024-07-09,72.75,11806750.0
025434,01,2024-07-10,72.51,11102540.0
025434,01,2024-07-11,73.3,12297560.0
025434,01,2024-07-12,74.83,10539320.0
025434,01,2024-07-15,72.75,8860660.0
025434,01,2024-07-16,75.51,14951230.0
025434,01,2024-07-17,75.1,11560580.0
025434,01,2024-07-18,74.19,10683570.0
025434,01,2024-07-19,79.27,32919100.0
025434,01,2024-07-22,76.55,18821470.0
025434,01,2024-07-23,76.26,9578728.0
025434,01,2024-07-24,74.68,10464290.0
025434,01,2024-07-25,73.32,18957450.0
025434,01,2024-07-26,74.05,11628210.0
025434,01,2024-07-29,75.2,10781140.0
025434,01,2024-07-30,75.94,14998380.0
025434,01,2024-07-31,77.95,18071710.0
025434,01,2024-08-01,75.11,17293120.0
025434,01,2024-08-02,75.88,15178150.0
025434,01,2024-08-05,73.86,12363430.0
025434,01,2024-08-06,75.37,10510750.0
025434,01,2024-08-07,75.29,7210289.0
025434,01,2024-08-08,75.75,8984083.0
025434,01,2024-08-09,75.09,4637467.0
025434,01,2024-08-12,77.03,13107380.0
025434,01,2024-08-13,95.9,156831400.0
025434,01,2024-08-14,93.9,45694780.0
025434,01,2024-08-15,94.88,21048520.0
025434,01,2024-08-16,94.81,16317390.0
025434,01,2024-08-19,92.3,14460400.0
025434,01,2024-08-20,93.01,11528890.0
025434,01,2024-08-21,92.78,6764728.0
025434,01,2024-08-22,92.43,10008550.0
025434,01,2024-08-23,94.02,11475200.0
025434,01,2024-08-26,95.63,13870790.0
025434,01,2024-08-27,98.6,17447940.0
025434,01,2024-08-28,95.3,14850410.0
025434,01,2024-08-29,94.86,8779927.0
025434,01,2024-08-30,94.57,7110155.0
025434,01,2024-09-03,93.18,11221150.0
025434,01,2024-09-04,92.33,7189972.0
025434,01,2024-09-05,91.56,8366753.0
025434,01,2024-09-06,91.15,9254546.0
025434,01,2024-09-09,92.21,10085020.0
025434,01,2024-09-10,93.34,7318135.0
025434,01,2024-09-11,98.2,19209700.0
025434,01,2024-09-12,99.28,14651270.0
025434,01,2024-09-13,98.57,9898420.0
025434,01,2024-09-16,96.31,9258762.0
025434,01,2024-09-17,96.44,6279385.0
025434,01,2024-09-18,96.12,8792512.0
025434,01,2024-09-19,96.9,8746609.0
025434,01,2024-09-20,96.05,19540090.0
025434,01,2024-09-23,95.48,8379610.0
025434,01,2024-09-24,94.45,8582278.0
025434,01,2024-09-25,95.62,8630377.0
025434,01,2024-09-26,97.47,9872287.0
025434,01,2024-09-27,97.36,6308033.0
025434,01,2024-09-30,97.49,6425980.0
025434,01,2024-10-01,97.43,7165948.0
025434,01,2024-10-02,96.5,6293170.0
025434,01,2024-10-03,95.56,5554229.0
025434,01,2024-10-04,96.58,6816311.0
025434,01,2024-10-07,96.09,7477459.0
025434,01,2024-10-08,96.21,6594521.0
025434,01,2024-10-09,95.88,3343905.0
025434,01,2024-10-10,93.88,5458095.0
025434,01,2024-10-11,95.55,4833641.0
025434,01,2024-10-14,94.76,4120639.0
025434,01,2024-10-15,95.04,6263055.0
025434,01,2024-10-16,95.46,7535712.0
025434,01,2024-10-17,95.27,5574888.0
025434,01,2024-10-18,96.84,6175585.0
025434,01,2024-10-21,96.45,3992176.0
025434,01,2024-10-22,96.82,6435078.0
025434,01,2024-10-23,97.65,18827660.0
025434,01,2024-10-24,97.15,9823594.0
025434,01,2024-10-25,97.31,9663567.0
025434,01,2024-10-28,98.02,6787773.0
025434,01,2024-10-29,97.39,7660668.0
025434,01,2024-10-30,97.32,9070229.0
025434,01,2024-10-31,97.7,12004260.0
025434,01,2024-11-01,98.87,8856817.0
025434,01,2024-11-04,97.03,7046620.0
025434,01,2024-11-05,97.09,6338355.0
025434,01,2024-11-06,96.08,9704601.0
025434,01,2024-11-07,96.12,6192546.0
025434,01,2024-11-08,97.55,6112799.0
025434,01,2024-11-11,100.31,10305830.0
025434,01,2024-11-12,98.8,8428599.0
025434,01,2024-11-13,99.8,8803287.0
025434,01,2024-11-14,99.23,6434693.0
025434,01,2024-11-15,98.42,8117785.0
025434,01,2024-11-18,100.4,7039580.0
025434,01,2024-11-19,98.35,9174312.0
025434,01,2024-11-20,98.26,7524871.0
025434,01,2024-11-21,100.06,6756279.0
025434,01,2024-11-22,102.5,6553264.0
025434,01,2024-11-25,101.84,8827565.0
025434,01,2024-11-26,100.68,6556080.0
025434,01,2024-11-27,101.51,4856489.0
025434,01,2024-11-29,102.46,3419300.0
025434,01,2024-12-02,101.51,6102526.0
025434,01,2024-12-03,101.57,7098468.0
025434,01,2024-12-04,100.7,6148923.0
025434,01,2024-12-05,99.23,7193008.0
025434,01,2024-12-06,100.11,6294563.0
025434,01,2024-12-09,99.31,7195848.0
025434,01,2024-12-10,98.16,8189824.0
025434,01,2024-12-11,98.42,8004294.0
025434,01,2024-12-12,97.82,6362308.0
025434,01,2024-12-13,97.42,5909820.0
025434,01,2024-12-16,93.12,12386810.0
025434,01,2024-12-17,92.09,8455280.0
025434,01,2024-12-18,89.9,10876660.0
025434,01,2024-12-19,88.76,14620660.0
025434,01,2024-12-20,87.97,26470850.0
025434,01,2024-12-23,87.44,11201770.0
025434,01,2024-12-24,89.91,5422008.0
025434,01,2024-12-26,91.86,7537564.0
025434,01,2024-12-27,92.25,8198335.0
025434,01,2024-12-30,90.58,8401153.0
025434,01,2024-12-31,91.25,4219424.0
025434,01,2025-01-02,92.17,8639894.0
025434,01,2025-01-03,92.58,4964272.0
025434,01,2025-01-06,93.13,8766594.0
025434,01,2025-01-07,92.84,6635269.0
025434,01,2025-01-08,92.6,6241956.0
025434,01,2025-01-10,92.25,6548406.0
025434,01,2025-01-13,93.51,6908568.0
025434,01,2025-01-14,93.07,6405455.0
025434,01,2025-01-15,93.08,4552877.0
025434,01,2025-01-16,94.43,6547077.0
025434,01,2025-01-17,95.13,8360588.0
025434,01,2025-01-21,97.98,8791724.0
025434,01,2025-01-22,97.73,7676979.0
025434,01,2025-01-23,97.99,7895825.0
025434,01,2025-01-24,98.81,6954070.0
025434,01,2025-01-27,100.02,9645413.0
025434,01,2025-01-28,100.41,13600400.0
025434,01,2025-01-29,108.58,40739190.0
025434,01,2025-01-30,109.0,14990720.0
025434,01,2025-01-31,107.68,18536310.0
025434,01,2025-02-03,108.16,8883642.0
025434,01,2025-02-04,110.6,11111630.0
025434,01,2025-02-05,112.25,12824690.0
025434,01,2025-02-06,111.7,11959730.0
025434,01,2025-02-07,112.2,11476320.0
025434,01,2025-02-10,111.45,8347141.0
025434,01,2025-02-11,111.03,4683018.0
025434,01,2025-02-12,113.04,7086151.0
025434,01,2025-02-13,113.0,10040850.0
025434,01,2025-02-14,112.55,9108382.0
025434,01,2025-02-18,113.03,7571910.0
025434,01,2025-02-19,112.49,8264586.0
025434,01,2025-02-20,113.34,6339539.0
025434,01,2025-02-21,111.75,9661524.0
025434,01,2025-02-24,113.19,13116790.0
025434,01,2025-02-25,114.59,10988080.0
025434,01,2025-02-26,113.0,7458767.0
025434,01,2025-02-27,114.49,9008971.0
025434,01,2025-02-28,115.81,11461780.0
025434,01,2025-03-03,115.41,9221791.0
025434,01,2025-03-04,112.06,12479170.0
025434,01,2025-03-05,111.69,11924800.0
025434,01,2025-03-06,105.47,16315180.0
025434,01,2025-03-07,106.48,11635340.0
025434,01,2025-03-10,101.125,15806610.0
025434,01,2025-03-11,99.58,10658840.0
025434,01,2025-03-12,98.69,9457745.0
025434,01,2025-03-13,96.04,9269106.0
025434,01,2025-03-14,98.11,8239055.0
025434,01,2025-03-17,99.08,10131490.0
025434,01,2025-03-18,98.28,7422602.0
025434,01,2025-03-19,99.19,4981440.0
025434,01,2025-03-20,99.28,5949961.0
025434,01,2025-03-21,97.07,11365110.0
025434,01,2025-03-24,95.72,8257550.0
025434,01,2025-03-25,95.88,6978312.0
025434,01,2025-03-26,97.97,9557237.0
025434,01,2025-03-27,98.85,9139871.0
025434,01,2025-03-28,97.73,8064886.0
025434,01,2025-03-31,98.09,11298440.0
025434,01,2025-04-01,98.23,5864707.0
025434,01,2025-04-02,99.41,6028997.0
025434,01,2025-04-03,88.26,20484090.0
025434,01,2025-04-04,82.1,19693160.0
025434,01,2025-04-07,80.0,26093230.0
025434,01,2025-04-08,79.69,20522870.0
025434,01,2025-04-09,88.68,26656230.0
025434,01,2025-04-10,84.6,16206260.0
025434,01,2025-04-11,85.43,10058570.0
025434,01,2025-04-14,85.49,8877697.0
025434,01,2025-04-15,83.71,7077780.0
025434,01,2025-04-16,80.76,12997080.0
025434,01,2025-04-17,81.5,9784275.0
025434,01,2025-04-21,80.68,10592200.0
025434,01,2025-04-22,81.75,10387690.0
025434,01,2025-04-23,82.81,9108732.0
025434,01,2025-04-24,83.86,6791382.0
025434,01,2025-04-25,83.81,5797130.0
025434,01,2025-04-28,83.9,7081655.0
025434,01,2025-04-29,84.85,14752090.0
025434,01,2025-04-30,80.05,41177840.0
025434,01,2025-05-01,82.01,18306980.0
025434,01,2025-05-02,84.69,13502490.0
025434,01,2025-05-05,81.66,13354880.0
025434,01,2025-05-06,82.78,10589390.0
025434,01,2025-05-07,82.71,8223107.0
025434,01,2025-05-08,82.19,8754990.0
025434,01,2025-05-09,80.3,8198582.0
025434,01,2025-05-12,85.67,17237300.0
025434,01,2025-05-13,86.88,11527510.0
025434,01,2025-05-14,86.535,12733280.0
025434,01,2025-05-15,87.26,13712260.0
025434,01,2025-05-16,85.57,13090720.0
025434,01,2025-05-19,84.61,9561478.0
025434,01,2025-05-20,85.59,9308222.0
025434,01,2025-05-21,82.98,10868210.0
025434,01,2025-05-22,83.97,8437719.0
025434,01,2025-05-23,84.4,7085973.0
025434,01,2025-05-27,87.01,10916310.0
025434,01,2025-05-28,86.0,12304770.0
025434,01,2025-05-29,84.05,10304670.0
025434,01,2025-05-30,83.95,7391087.0
025434,01,2025-06-02,85.19,8256180.0
025434,01,2025-06-03,86.6,8283924.0
025434,01,2025-06-04,88.11,8737373.0
025434,01,2025-06-05,86.99,8472127.0
025434,01,2025-06-06,89.64,8770848.0
025434,01,2025-06-09,90.67,8095140.0
025434,01,2025-06-10,91.43,6907146.0
025434,01,2025-06-11,95.39,14813760.0
025434,01,2025-06-12,94.32,7178914.0
025434,01,2025-06-13,93.26,7115236.0
025434,01,2025-06-16,93.48,5869397.0
025434,01,2025-06-17,91.59,6179327.0
025434,01,2025-06-18,92.28,7317057.0
025434,01,2025-06-20,93.12,9196346.0
025434,01,2025-06-23,92.34,7505813.0
025434,01,2025-06-24,91.5,11364260.0
025434,01,2025-06-25,91.1,6926849.0
025434,01,2025-06-26,91.84,6561877.0
025434,01,2025-06-27,92.11,21488060.0
025434,01,2025-06-30,91.63,10079500.0
025434,01,2025-07-01,94.92,9825917.0
025434,01,2025-07-02,94.18,7936982.0
025434,01,2025-07-03,94.44,3557273.0
025434,01,2025-07-07,93.64,5310004.0
025434,01,2025-07-08,94.94,6981732.0
025434,01,2025-07-09,95.25,8309489.0
025434,01,2025-07-10,95.15,6909199.0
025434,01,2025-07-11,94.94,6336529.0
025434,01,2025-07-14,93.42,6037931.0
025434,01,2025-07-15,92.48,8559627.0
025434,01,2025-07-16,92.51,7135411.0
025434,01,2025-07-17,93.19,8577005.0
025434,01,2025-07-18,93.8,5172729.0
025434,01,2025-07-21,92.66,7208389.0
025434,01,2025-07-22,96.94,9984293.0
025434,01,2025-07-23,95.92,11269770.0
025434,01,2025-07-24,93.7,7893971.0
025434,01,2025-07-25,94.42,7219151.0
025434,01,2025-07-28,93.67,10319100.0
025434,01,2025-07-29,92.96,19994610.0
025434,01,2025-07-30,92.76,44745230.0
025434,01,2025-07-31,89.16,16519370.0
025434,01,2025-08-01,86.86,16214740.0
025434,01,2025-08-04,89.78,12492980.0
025434,01,2025-08-05,90.2,6989859.0
025434,01,2025-08-06,88.99,7844902.0
025434,01,2025-08-07,91.02,9888536.0
025434,01,2025-08-08,92.12,8031874.0
025434,01,2025-08-11,91.74,9500936.0
025434,01,2025-08-12,93.37,9666862.0
025434,01,2025-08-13,94.18,6490291.0
025434,01,2025-08-14,93.06,9799398.0
025434,01,2025-08-15,90.6,8049766.0
025434,01,2025-08-18,92.54,7371912.0
025434,01,2025-08-19,90.93,6811682.0
025434,01,2025-08-20,89.51,5805238.0
025434,01,2025-08-21,88.56,5662979.0
025434,01,2025-08-22,88.38,7613793.0
025434,01,2025-08-25,85.81,10996640.0
025434,01,2025-08-26,86.63,9304719.0
025434,01,2025-08-27,87.66,7672724.0
025434,01,2025-08-28,88.02,7903379.0
025434,01,2025-08-29,88.19,6311057.0
025434,01,2025-09-02,89.78,10451950.0
025434,01,2025-09-03,87.25,10193440.0
025434,01,2025-09-04,87.01,6796089.0
025434,01,2025-09-05,85.43,9036751.0
025434,01,2025-09-08,84.17,9200792.0
025434,01,2025-09-09,83.81,8617520.0
025434,01,2025-09-10,82.88,8099445.0
025434,01,2025-09-11,82.36,12028540.0
025434,01,2025-09-12,81.9,9986133.0
025434,01,2025-09-15,82.68,9681114.0
025434,01,2025-09-16,84.37,10236640.0
025434,01,2025-09-17,83.22,6621974.0
025434,01,2025-09-18,83.42,7147511.0
025434,01,2025-09-19,84.56,15308030.0
025434,01,2025-09-22,85.29,7752161.0
025434,01,2025-09-23,85.69,8760487.0
025434,01,2025-09-24,84.27,9658247.0
025434,01,2025-09-25,83.83,8658553.0
025434,01,2025-09-26,83.39,6949627.0
025434,01,2025-09-29,85.64,11211960.0
025434,01,2025-09-30,84.6,7568776.0
025434,01,2025-10-01,84.4,8152187.0
025434,01,2025-10-02,86.72,9454876.0
025434,01,2025-10-03,86.42,7628813.0
025434,01,2025-10-06,82.11,14957810.0
025434,01,2025-10-07,81.29,10058090.0
025434,01,2025-10-08,80.04,12378990.0
025434,01,2025-10-09,79.78,9058882.0
025434,01,2025-10-10,78.46,11029300.0
025434,01,2025-10-13,80.03,8047875.0
025434,01,2025-10-14,81.15,7501093.0
025434,01,2025-10-15,82.86,11068790.0
025434,01,2025-10-16,84.34,11542950.0
025434,01,2025-10-17,85.36,8514838.0
025434,01,2025-10-20,84.53,7674633.0
025434,01,2025-10-21,85.9,8255295.0
025434,01,2025-10-22,85.5,5278765.0
025434,01,2025-10-23,85.44,4563502.0
025434,01,2025-10-24,86.09,5842633.0
025434,01,2025-10-27,87.22,7142891.0
025434,01,2025-10-28,85.43,11533890.0
025434,01,2025-10-29,84.17,13795480.0
025434,01,2025-10-30,83.15,18301250.0
025434,01,2025-10-31,80.87,13585170.0
025434,01,2025-11-03,80.96,9434435.0
025434,01,2025-11-04,79.6,17756940.0
025434,01,2025-11-05,82.88,17983290.0
025434,01,2025-11-06,82.22,10379510.0
025434,01,2025-11-07,85.57,14984540.0
025434,01,2025-11-10,84.6,10504150.0
025434,01,2025-11-11,86.42,9526778.0
025434,01,2025-11-12,87.26,11967240.0
025434,01,2025-11-13,86.44,10497720.0
025434,01,2025-11-14,84.78,13425790.0
025434,01,2025-11-17,83.69,8541764.0
025434,01,2025-11-18,83.33,7187129.0
025434,01,2025-11-19,83.68,6190577.0
025434,01,2025-11-20,82.62,8961449.0
025434,01,2025-11-21,85.35,10226050.0
025434,01,2025-11-24,83.34,10747840.0
025434,01,2025-11-25,85.91,9254997.0
025434,01,2025-11-26,86.7,7601243.0
025434,01,2025-11-28,87.11,3677642.0
025434,01,2025-12-01,84.91,8745481.0
025434,01,2025-12-02,85.2,8999862.0
025434,01,2025-12-03,87.11,9300602.0
025434,01,2025-12-04,85.0,10550860.0
025434,01,2025-12-05,85.12,9397094.0
025434,01,2025-12-08,83.41,10259060.0
025434,01,2025-12-09,82.28,10315190.0
025434,01,2025-12-10,83.85,10531360.0
025434,01,2025-12-11,84.74,6886970.0
025434,01,2025-12-12,85.35,9068590.0
025434,01,2025-12-15,85.4,11716110.0
025434,01,2025-12-16,85.08,7477756.0
025434,01,2025-12-17,85.21,7938048.0
025434,01,2025-12-18,89.42,15343540.0
025434,01,2025-12-19,88.33,15867160.0
025434,01,2025-12-22,86.17,7154554.0
025434,01,2025-12-23,83.86,9501729.0
025434,01,2025-12-24,84.57,3462748.0
025434,01,2025-12-26,85.08,5042706.0
025434,01,2025-12-29,85.57,5345253.0
025434,01,2025-12-30,85.25,4538613.0
025434,01,2025-12-31,84.21,5288877.0
025434,01,2026-01-02,83.97,11330540.0
025434,01,2026-01-05,86.56,9890057.0
025434,01,2026-01-06,89.46,11346140.0
025434,01,2026-01-07,86.69,9526073.0
025434,01,2026-01-08,88.18,8139372.0
025434,01,2026-01-09,88.88,7591561.0
025434,01,2026-01-12,89.96,7286017.0
025434,01,2026-01-13,90.56,5557572.0
025434,01,2026-01-14,91.15,8371537.0
025434,01,2026-01-15,93.28,9995067.0
025434,01,2026-01-16,92.99,8907518.0
025434,01,2026-01-20,93.66,13541910.0
025434,01,2026-01-21,96.43,17107980.0
025434,01,2026-01-22,95.83,14136300.0
025434,01,2026-01-23,97.62,11753920.0
025434,01,2026-01-26,96.33,14102810.0
025434,01,2026-01-27,95.72,16392640.0
025434,01,2026-01-28,95.16,25919660.0
025434,01,2026-01-29,93.88,15679970.0
025434,01,2026-01-30,91.95,10743380.0
025434,01,2026-02-02,91.69,8670515.0
025434,01,2026-02-03,93.04,8237795.0
025434,01,2026-02-04,96.97,9069837.0
025434,01,2026-02-05,96.07,6766805.0
025434,01,2026-02-06,99.45,8060929.0
025434,01,2026-02-09,98.98,7149345.0
025434,01,2026-02-10,97.53,8538016.0
025434,01,2026-02-11,99.12,6947615.0
025434,01,2026-02-12,96.76,9532746.0
025434,01,2026-02-13,93.79,8946489.0
025434,01,2026-02-17,95.39,8654002.0
025434,01,2026-02-18,95.76,6066863.0
025434,01,2026-02-19,95.8,5673421.0
025434,01,2026-02-20,97.49,8786818.0
025434,01,2026-02-23,94.78,7695760.0
025434,01,2026-02-24,96.51,6534384.0
025434,01,2026-02-25,97.93,6291277.0
025434,01,2026-02-26,98.08,6244201.0
025434,01,2026-02-27,98.02,7286268.0
025434,01,2026-03-02,96.76,7250371.0
025434,01,2026-03-03,96.68,7185136.0
025434,01,2026-03-04,97.15,6229134.0
025434,01,2026-03-05,98.69,9607164.0
025434,01,2026-03-06,98.99,10736750.0
025434,01,2026-03-09,99.77,9372169.0
025434,01,2026-03-10,100.77,8000431.0
025434,01,2026-03-11,101.44,8814085.0
025434,01,2026-03-12,100.18,12245230.0
025434,01,2026-03-13,99.15,9398926.0
025434,01,2026-03-16,97.82,6861467.0
025434,01,2026-03-17,97.57,5377205.0
025434,01,2026-03-18,92.66,7581496.0
025434,01,2026-03-19,95.83,10476830.0
025434,01,2026-03-20,92.55,13954270.0
025434,01,2026-03-23,93.83,7437708.0
025434,01,2026-03-24,91.98,6260463.0
025434,01,2026-03-25,92.7,6999543.0
025434,01,2026-03-26,91.22,6131628.0
025434,01,2026-03-27,86.81,12430170.0
025434,01,2026-03-30,86.72,7418443.0
025434,01,2026-03-31,89.59,9560026.0
025434,01,2026-04-01,90.43,8043405.0
025434,01,2026-04-02,90.37,7337283.0
025434,01,2026-04-06,94.78,7233320.0
025434,01,2026-04-07,95.21,6114717.0
025434,01,2026-04-08,97.21,8228053.0
025434,01,2026-04-09,96.92,5319304.0
025434,01,2026-04-10,96.6,5350858.0
025434,01,2026-04-13,97.48,5246505.0
025434,01,2026-04-14,98.47,4989504.0
025434,01,2026-04-15,98.34,5210368.0
025434,01,2026-04-16,98.36,5642866.0
025434,01,2026-04-17,100.0,7983497.0
025434,01,2026-05-15,,
