Date,SP500_Proxy,SP500_Proxy_Normalized
2020-01-02,115.49056674023063,100.0
2020-01-03,114.57240340174461,99.20498845541972
2020-01-06,114.630680123154,99.25544861251676
2020-01-07,115.40013568255367,99.92169831681545
2020-01-08,115.44088437605878,99.95698145262062
2020-01-09,116.65265332436076,101.00621775174415
2020-01-10,117.30188237404337,101.56836673759415
2020-01-13,116.4255111460783,100.80954179396366
2020-01-14,117.26674671562351,101.53794376937122
2020-01-15,116.58369628750548,100.9465098129907
2020-01-16,117.94637090332654,102.12641104153526
2020-01-17,118.86204034454968,102.91926319134133
2020-01-21,118.6136970714647,102.70422980801439
2020-01-22,118.9476883557378,102.99342337048458
2020-01-23,118.64260768890381,102.72926269014071
2020-01-24,119.49684765874123,103.4689248062327
2020-01-27,116.31317551281987,100.71227356121604
2020-01-28,117.24718839295056,101.52100877353129
2020-01-29,118.60054477380247,102.69284160719985
2020-01-30,117.51233630277673,101.75059281429763
2020-01-31,119.01981910394163,103.05587933571165
2020-02-03,118.28965837128308,102.42365390529977
2020-02-04,120.13047595899933,104.01756554646155
2020-02-05,121.36621412938955,105.08755611389009
2020-02-06,121.99047723108409,105.62808779480102
2020-02-07,120.7178235735212,104.52613315600752
2020-02-10,120.60464806459387,104.42813769878383
2020-02-11,122.18587279806331,105.79727526395486
2020-02-12,122.55070390506667,106.11317215259336
2020-02-13,121.95106623124103,105.59396292992638
2020-02-14,122.51095238510443,106.07875244102362
2020-02-18,122.77875232696533,106.31063280096961
2020-02-19,123.31147332094153,106.7719007720364
2020-02-20,123.28045385711047,106.74504189974354
2020-02-21,122.37256201919244,105.95892415563367
2020-02-24,117.76607647720648,101.97029922114251
2020-02-25,117.92682554283921,102.10948726928355
2020-02-26,114.51460285576023,99.15494060509235
2020-02-27,111.42648513949648,96.48102722547429
2020-02-28,105.07394531794957,90.98054350559137
2020-03-02,106.40875327830412,92.1363157890168
2020-03-03,111.18814032418388,96.2746512226197
2020-03-04,109.69011357365822,94.97755242675431
2020-03-05,108.72346889729403,94.14056226933441
2020-03-06,102.99281141709308,89.17854879762746
2020-03-09,95.3338319428113,82.54685610578287
2020-03-10,97.5724259590616,84.4851910533336
2020-03-11,96.59056708277488,83.63502735252227
2020-03-12,87.2451695422737,75.54311317781614
2020-03-13,90.28954583771375,78.17915210408417
2020-03-16,81.27591793877738,70.37450783455657
2020-03-17,82.92047625171895,71.79848414652724
2020-03-18,80.6052042026909,69.79375586925094
2020-03-19,78.89058972378166,68.30911991386087
2020-03-20,81.43945606387392,70.51611085003432
2020-03-23,76.9540819829824,66.6323528882431
2020-03-24,77.1162808865917,66.77279630988994
2020-03-25,82.44473920549665,71.38655695658422
2020-03-26,85.40954644339425,73.95369929693332
2020-03-27,86.94435399892379,75.28264554670083
2020-03-30,87.92476183054399,76.1315528291678
2020-03-31,89.31698450750234,77.33703888422357
2020-04-01,83.19770923925905,72.03853231268064
2020-04-02,81.59306099950051,70.6491129990082
2020-04-03,83.46850305674027,72.27300498445332
2020-04-06,87.22124744921314,75.52239971719699
2020-04-07,94.12563427127138,81.50071207372743
2020-04-08,90.96804949702049,78.76664914255042
2020-04-09,94.8454424799705,82.12397354781662
2020-04-13,96.36965963791828,83.44374987325118
2020-04-14,95.93943340924321,83.07122920700252
2020-04-15,92.01285706734171,79.6713183287977
2020-04-16,91.26405858020394,79.02295499638629
2020-04-17,94.08634896181067,81.46669604058329
2020-04-20,93.71811811291441,81.14785541204562
2020-04-21,91.1324489359953,78.90899794524059
2020-04-22,92.4456008210474,80.04601884843326
2020-04-23,92.41628140819316,80.02063200197315
2020-04-24,92.49859352501072,80.09190372497258
2020-04-27,93.71510221520249,81.1452440319156
2020-04-28,98.47086186311682,85.26312117300826
2020-04-29,99.4641277352158,86.12316186735613
2020-04-30,97.53820802727525,84.45556271852482
2020-05-01,94.8501590417356,82.1280574846248
2020-05-04,93.10151942895384,80.61396013266105
2020-05-05,95.27741476954246,82.49800607858043
2020-05-06,96.27816392937486,83.36452633913413
2020-05-07,96.01101972618882,83.13321376467347
2020-05-08,98.9185040921581,85.65072185908693
2020-05-11,97.08770964097003,84.06548896703089
2020-05-12,97.70888822905872,84.603349855259
2020-05-13,94.57249397161056,81.88763519043901
2020-05-14,91.77707560208378,79.46716185791618
2020-05-15,94.23117974339699,81.59210089889703
2020-05-18,98.4489680601626,85.244163951157
2020-05-19,99.05299408581791,85.7671729229754
2020-05-20,99.45231270303532,86.11293156672296
2020-05-21,99.60705136279671,86.24691537520962
2020-05-22,99.60927461118115,86.24884042281064
2020-05-26,103.06850373015112,89.24408862065759
2020-05-27,105.28167806352887,91.16041338712598
2020-05-28,105.32739142982327,91.19999529202495
2020-05-29,103.25383234997184,89.4045594063258
2020-06-01,103.95233524088957,90.00937321115269
2020-06-02,105.16943394407934,91.06322439358506
2020-06-03,107.12281221272994,92.75459912988217
2020-06-04,107.68734669198795,93.24341349385338
2020-06-05,112.85798197376485,97.7205196573438
2020-06-08,112.839886081462,97.70485093840544
2020-06-09,111.33559982144102,96.40233221113613
2020-06-10,111.59238136057951,96.62467204925993
2020-06-11,106.35267553524095,92.08775966478434
2020-06-12,105.94700760744055,91.73650333342279
2020-06-15,101.56063463249986,87.93846761609288
2020-06-16,109.54544289258061,94.8522861949217
2020-06-17,107.83530597297512,93.37152723089994
2020-06-18,106.24691618705282,91.99618565040963
2020-06-19,109.1664625673878,94.52413790031228
2020-06-22,106.32115733866789,92.060468953982
2020-06-23,108.13709741709184,93.63283986675836
2020-06-24,106.01305025451038,91.79368778487533
2020-06-25,103.16850381967973,89.33067585661213
2020-06-26,104.4472567305273,90.43791166551057
2020-06-29,103.48285618606879,89.6028646381393
2020-06-30,103.10242563364457,89.27346063297938
2020-07-01,105.45359405206175,91.30927055649079
2020-07-02,106.9781858288512,92.62937125373531
2020-07-06,107.06848082250478,92.70755512294836
2020-07-07,105.91843612826601,91.71176410148291
2020-07-08,105.52639517492177,91.37230698008352
2020-07-09,106.82795857410042,92.49929374265281
2020-07-10,105.05512496403286,90.96424749592762
2020-07-13,107.60895725172394,93.17553830501623
2020-07-14,105.77192717182393,91.58490615924802
2020-07-15,109.02854940842609,94.40472281486039
2020-07-16,108.42571340288434,93.88274424764315
2020-07-17,109.50344601456,94.81592229161254
2020-07-20,108.86473826972805,94.26288340466294
2020-07-21,110.20789097766487,95.4258811678984
2020-07-22,110.09290261171301,95.32631600929068
2020-07-23,110.70081576522516,95.85269073466502
2020-07-24,110.37825337234808,95.57339312449517
2020-07-27,109.50848020826068,94.82028125688804
2020-07-28,109.61900255631427,94.91597941750248
2020-07-29,108.93598607121682,94.32457485141896
2020-07-30,109.51786745810995,94.82840940978765
2020-07-31,109.87108861183634,95.13425356978807
2020-08-03,110.54979546216069,95.72192654558266
2020-08-04,110.17349321015027,95.39609711844268
2020-08-05,110.79358303303621,95.93301527581971
2020-08-06,111.1792972136517,96.26699422449269
2020-08-07,110.77330945462597,95.91546096036134
2020-08-10,112.39825431668028,97.32245454253784
2020-08-11,113.15875253871995,97.98094834294514
2020-08-12,113.67795957837787,98.43051496497561
2020-08-13,111.90662123232471,96.8967634248716
2020-08-14,112.36514722084513,97.29378804901407
2020-08-17,112.98798222444495,97.83308318036514
2020-08-18,113.10780081457021,97.93683069283061
2020-08-19,112.61780080989915,97.51255361245813
2020-08-20,110.88804943707524,96.01481105075213
2020-08-21,111.32643929306342,96.39440036991638
2020-08-24,111.40455773411965,96.46204090824013
2020-08-25,112.72092996324811,97.60185021586032
2020-08-26,112.29843573667566,97.2360244705224
2020-08-27,112.8210886741171,97.68857479752619
2020-08-28,114.36973659359678,99.02950502515509
2020-08-31,114.4509746979694,99.0998467912972
2020-09-01,113.32135980956409,98.1217453581766
2020-09-02,114.30337501058773,98.97204441613555
2020-09-03,115.81668984160132,100.2823807264746
2020-09-04,113.51690512287374,98.29106248842281
2020-09-08,109.74838967225989,95.02801204457984
2020-09-09,109.94795906300448,95.20081350913017
2020-09-10,110.66854846720793,95.82475139820838
2020-09-11,108.79700228632713,94.20423274139858
2020-09-14,109.56167791327651,94.86634363801349
2020-09-15,110.90743827819824,96.03159929733388
2020-09-16,110.30586184287557,95.51071135617781
2020-09-17,109.33129248327138,94.66685944072549
2020-09-18,109.77745996202741,95.05318318243815
2020-09-21,107.60943309628233,93.17595032529792
2020-09-22,108.01678046401666,93.52866083597587
2020-09-23,108.0569376848182,93.56343183237409
2020-09-24,105.57279006802305,91.41247899967854
2020-09-25,104.99648571014404,90.91347343225824
2020-09-28,108.75519275665283,94.16803105769887
2020-09-29,109.3695233014165,94.69996241980351
2020-09-30,109.18383320010439,94.53917863758363
2020-10-01,110.70059030883166,95.85249551838038
2020-10-02,108.68843518471232,94.11022757311586
2020-10-05,111.65301630448322,96.67717412420436
2020-10-06,113.14816297803607,97.97177914325829
2020-10-07,112.21206291354433,97.16123669731353
2020-10-08,113.42925159298643,98.21516578762606
2020-10-09,115.08077066771838,99.6451692254364
2020-10-12,115.38634895791813,99.90976078371239
2020-10-13,116.00464881196314,100.44512905793319
2020-10-14,115.33232770647321,99.8629853171356
2020-10-15,113.1754428902451,97.99540004406344
2020-10-16,115.3396824233386,99.86935355748024
2020-10-19,115.55771029725366,100.05813769809792
2020-10-20,113.62498880892383,98.3846490809046
2020-10-21,113.7847626549857,98.52299271413072
2020-10-22,113.77335507529122,98.51311521502714
2020-10-23,115.29603117339465,99.83155718053273
2020-10-26,113.60535195409035,98.36764608629844
2020-10-27,112.03079402690031,97.00428111924303
2020-10-28,108.35054407314378,93.8176572610067
2020-10-29,107.34503481339435,92.94701536519621
2020-10-30,107.58984083058883,93.15898593916103
2020-11-02,108.97365126317861,94.35718807085749
2020-11-03,110.801179905327,95.93959319166618
2020-11-04,111.50938724984928,96.55280980711083
2020-11-05,114.52229087206783,99.16159743995307
2020-11-06,115.3719504220145,99.8972935006173
2020-11-09,120.753753389631,104.55724376280766
2020-11-10,119.58868509409379,103.54844423188338
2020-11-11,120.94635346471047,104.72401069496122
2020-11-12,119.4198408126831,103.40224676643113
2020-11-13,118.7805726771452,102.8487226530931
2020-11-16,121.59326586431386,105.28415375933677
2020-11-17,120.73185965479637,104.5382865999392
2020-11-18,121.73077051980155,105.40321513323838
2020-11-19,120.16396822248187,104.04656554570641
2020-11-20,120.64664393055196,104.4645007257768
2020-11-23,121.05961503787917,104.82208067276598
2020-11-24,123.29879817184137,106.76092572060327
2020-11-25,123.99544151461855,107.36412939553554
2020-11-27,124.70705164695272,107.98029238825404
2020-11-30,123.98022688651571,107.35095548139495
2020-12-01,124.62294673919678,107.90746833852441
2020-12-02,123.94501139193164,107.32046338530603
2020-12-03,124.31215389407411,107.63836164531568
2020-12-04,124.95965949856505,108.19901834894704
2020-12-07,125.39970547812325,108.58004165845072
2020-12-08,124.7758616427986,108.03987300837574
2020-12-09,126.004603483239,109.10380565250604
2020-12-10,123.82991047294773,107.22080077022613
2020-12-11,123.77047616608289,107.16933829277676
2020-12-14,125.41224561418805,108.59089980593302
2020-12-15,124.27806171105833,107.6088421927941
2020-12-16,125.70707445728536,108.8461837234156
2020-12-17,126.52290293635154,109.55258642113654
2020-12-18,126.83240427289691,109.82057483376725
2020-12-21,125.73367362119714,108.8692151836141
2020-12-22,125.89411552584902,109.00813726978997
2020-12-23,126.20569194093042,109.27792243396033
2020-12-24,126.03340168388523,109.12874119612582
2020-12-28,127.17399174826485,110.11634572225573
2020-12-29,127.16569026635618,110.10915770496308
2020-12-30,126.38215388083944,109.43071581344554
2020-12-31,126.71351351056781,109.71763070102566
2021-01-04,129.1169044728182,111.79865864130431
2021-01-05,126.35816360006527,109.40994331102279
2021-01-06,127.72780052496462,110.59587300515965
2021-01-07,131.6212485566431,113.96709902090507
2021-01-08,132.57283483232771,114.79105053707089
2021-01-11,131.19950197180924,113.60192063730385
2021-01-12,131.89265315386714,114.20210054950135
2021-01-13,132.26072576094646,114.52080416094626
2021-01-14,132.15596378092863,114.43009373932935
2021-01-15,130.1040128007227,112.65336769310488
2021-01-19,130.33807158956722,112.85603254743101
2021-01-20,130.82093048095703,113.27412634073266
2021-01-21,130.8009294782366,113.2568080408187
2021-01-22,128.82424058719556,111.54524929898038
2021-01-25,127.89684897052999,110.742247250552
2021-01-26,128.0739231109619,110.89557071707392
2021-01-27,125.43326502430196,108.60909991587029
2021-01-28,124.85102046265894,108.10495089480554
2021-01-29,125.77566977909633,108.90557846339057
2021-02-01,124.75283428114288,108.01993427025567
2021-02-02,127.01981881200051,109.98285175766975
2021-02-03,128.32789134979248,111.11547459840287
2021-02-04,129.2284810591717,111.8952696369058
2021-02-05,131.8388889079191,114.15554761668135
2021-02-08,132.1948983328683,114.46380606150302
2021-02-09,132.83131515736483,115.01486130563217
2021-02-10,134.3516767657533,116.33129922026131
2021-02-11,133.6600900766801,115.73247395808318
2021-02-12,133.3670981660181,115.47878058819869
2021-02-16,135.31807192977593,117.16807333203472
2021-02-17,134.8654184925313,116.77613358316954
2021-02-18,134.30083878186284,116.28728005460529
2021-02-19,134.9584345525625,116.85667354643807
2021-02-22,134.5120861870902,116.4701931800578
2021-02-23,135.21746039877132,117.08095666628063
2021-02-24,135.20007911993534,117.06590671083701
2021-02-25,137.62367299138282,119.1644277761105
2021-02-26,134.36027244645723,116.33874197593094
2021-03-01,135.11590648184017,116.99302401533123
2021-03-02,137.13117821362553,118.73799054261329
2021-03-03,136.41990856248506,118.12212236288539
2021-03-04,135.1500230905961,117.02256461740714
2021-03-05,134.61337914758798,116.55789987624676
2021-03-08,136.7184821148308,118.38064871769785
2021-03-09,137.0812011640899,118.69471683555108
2021-03-10,137.6821313196299,119.21504518140782
2021-03-11,138.6274363070118,120.03355790851924
2021-03-12,139.20646286010742,120.53492054742465
2021-03-15,139.4354923014738,120.73323063268167
2021-03-16,139.67954697900888,120.94455064298522
2021-03-17,139.10625757489885,120.44815563836157
2021-03-18,139.69893432150081,120.9613375919449
2021-03-19,137.49872970581055,119.05624293547905
2021-03-22,136.1912026891903,117.9240924460272
2021-03-23,135.8491388826954,117.62790911595116
2021-03-24,135.49936516430913,117.3250499922506
2021-03-25,134.95147370318978,116.85064634476335
2021-03-26,137.24211081679985,118.8340439314791
2021-03-29,138.04571519579207,119.52986212830182
2021-03-30,138.5621774439909,119.97705211340292
2021-03-31,138.2858267608954,119.73776790959683
2021-04-01,138.52158764430456,119.94190655924038
2021-04-05,141.09870704339474,122.17336101637089
2021-04-06,141.21600762192085,122.27492825414362
2021-04-07,141.65048747159997,122.65113200995026
2021-04-08,142.09009092681262,123.03177215019775
2021-04-09,143.35823074652225,124.12981838505779
2021-04-12,143.83925184911612,124.54632088926303
2021-04-13,144.36606220323213,125.00247100522958
2021-04-14,144.38748332432337,125.02101894528725
2021-04-15,145.33514692345443,125.84157392729078
2021-04-16,146.4727666426678,126.82660651594557
2021-04-19,145.68235833304269,126.14221442061282
2021-04-20,144.79473939233895,125.37365040213308
2021-04-21,143.62662169398095,124.3622104799571
2021-04-22,145.31244931902205,125.82192071658014
2021-04-23,144.52528260678662,125.140335428315
2021-04-26,146.9589800737342,127.24760490983174
2021-04-27,146.83818671168115,127.14301337005276
2021-04-28,148.06685214139978,128.20687985231035
2021-04-29,148.43487903050013,128.52554387785636
2021-04-30,148.3623593583399,128.46275115442697
2021-05-03,149.1604540688651,129.15379868588496
2021-05-04,148.11401423629448,128.24771617013775
2021-05-05,149.50392291010644,129.45119859562297
2021-05-06,150.09566916251669,129.96357486072628
2021-05-07,149.97247234655887,129.85690223850693
2021-05-10,152.0230282958673,131.63242036711796
2021-05-11,148.74403646040935,128.7932345115032
2021-05-12,148.02299460586235,128.16890485852917
2021-05-13,145.29544209460823,125.80719464423167
2021-05-14,148.5811824409329,128.65222384364253
2021-05-17,149.41548769814628,129.37462505853134
2021-05-18,149.2998409076613,129.27448978882995
2021-05-19,145.63174672029456,126.09839126329648
2021-05-20,147.25741509028845,127.50601131043888
2021-05-21,148.33414706405327,128.43832293047507
2021-05-24,149.26664381611104,129.24574537057376
2021-05-25,149.7971656371136,129.70510914025363
2021-05-26,149.20834434275724,129.19526551321457
2021-05-27,149.7253518201867,129.64292759681342
2021-05-28,150.63673470944775,130.43206814308073
2021-06-01,151.7317018508911,131.3801690766455
2021-06-02,150.69262979468522,130.48046610909228
2021-06-03,150.12426265405148,129.9883331525434
2021-06-04,150.84243988504215,130.61018240938017
2021-06-07,151.27938733782088,130.98852279259216
2021-06-08,149.88246172301623,129.77896459729237
2021-06-09,150.1770754055101,130.03406221332236
2021-06-10,150.10705270572583,129.97343154732022
2021-06-11,149.25691604614258,129.23732237097906
2021-06-14,149.7405211779536,129.65606231265653
2021-06-15,149.78161056674256,129.69164044682688
2021-06-16,149.9527204863879,129.83979966404695
2021-06-17,149.59038549539994,129.52606409133742
2021-06-18,145.36646140351587,125.86868824575446
2021-06-21,145.22766570655668,125.74850899572844
2021-06-22,147.15485401542819,127.41720659005776
2021-06-23,147.8057360357168,127.98078683618522
2021-06-24,148.4530164173671,128.54124852575873
2021-06-25,149.56018029427042,129.49991026598
2021-06-28,150.69888803910237,130.48588494510096
2021-06-29,150.17047697184037,130.02834881710658
2021-06-30,149.21848059673698,129.20404220750729
2021-07-01,149.85882089575944,129.75849467674036
2021-07-02,150.69625942074524,130.4836088991594
2021-07-06,150.72089607861577,130.5049410811427
2021-07-07,149.47589545347253,129.42693041734225
2021-07-08,148.44095195069605,128.530802246888
2021-07-09,149.22331179404745,129.2082254039768
2021-07-12,150.13460346144072,129.99728696382093
2021-07-13,151.28172387882154,130.99054593705029
2021-07-14,149.91399243413184,129.80626614408152
2021-07-15,148.5835822553051,128.65430177471512
2021-07-16,150.38716604271713,130.2159737262164
2021-07-19,146.64124753523845,126.97248933332719
2021-07-20,145.26435344073238,125.78027586224509
2021-07-21,149.42117949894495,129.37955342710666
2021-07-22,150.4272769811202,130.25070464800092
2021-07-23,150.42653185007524,130.2500594602025
2021-07-26,150.4870304185517,130.30244345153966
2021-07-27,149.99564653513383,129.87696810988416
2021-07-28,151.13804972901636,130.8661425733294
2021-07-29,151.1626528525839,130.8874457189126
2021-07-30,150.98636082240515,130.73479945943473
2021-08-02,151.59062354418697,131.2580133797032
2021-08-03,151.46281063313387,131.1473438119102
2021-08-04,150.97718663118323,130.72685578794633
2021-08-05,151.96514836136177,131.582303776526
2021-08-06,153.8003403215992,133.1713443467098
2021-08-09,154.44868356354382,133.73272633681023
2021-08-10,154.5813845225743,133.84762832644975
2021-08-11,155.29033437067147,134.46148785464118
2021-08-12,155.8844453850571,134.97591169994269
2021-08-13,156.15997705654223,135.21448674486814
2021-08-16,155.38995579310827,134.547747213521
2021-08-17,155.23628195937798,134.41468540763694
2021-08-18,154.60569146214698,133.86867501472807
2021-08-19,151.5080039160592,131.1864753913984
2021-08-20,152.6103860894028,132.14099679038256
2021-08-23,154.75929667025196,134.00167739963322
2021-08-24,155.50383188286605,134.64634928377833
2021-08-25,155.9425479733214,135.02622108009754
2021-08-26,156.7985491266056,135.7674081548909
2021-08-27,155.67170076954122,134.7917021826456
2021-08-30,157.84707367176912,136.67529576403385
2021-08-31,156.75687048386555,135.73131980246833
2021-09-01,157.0280051328698,135.96608759057182
2021-09-02,157.06512492043632,135.99822855984252
2021-09-03,156.36004619209135,135.38772092424412
2021-09-07,156.1521303021178,135.2076924631827
2021-09-08,154.71630351397457,133.96445084729143
2021-09-09,155.01850262466743,134.22611647005402
2021-09-10,155.83578207054916,134.93377551871035
2021-09-13,154.86263004614383,134.0911508335322
2021-09-14,154.65502464527987,133.91139121616803
2021-09-15,152.81514786700814,132.31829419517055
2021-09-16,154.20664419446672,133.52315132483415
2021-09-17,152.97102073747286,132.45326008447586
2021-09-20,149.24999896847473,129.23133306997977
2021-09-21,150.41045399101412,130.2361380989044
2021-09-22,150.38158802110323,130.21114387580405
2021-09-23,151.96303949550708,131.58047776950724
2021-09-24,153.53285622110172,132.93973746482555
2021-09-27,154.65850361026062,133.91440355308777
2021-09-28,154.40443363968208,133.69441158512902
2021-09-29,152.11460446338265,131.7117135683725
2021-09-30,152.3373007093157,131.90453991966572
2021-10-01,150.14549924889388,130.00672131656563
2021-10-04,150.8459683632364,130.61323761838452
2021-10-05,149.73986351246737,129.6554928588
2021-10-06,150.13353696161386,129.99636351192612
2021-10-07,153.64106629819287,133.0334334957183
2021-10-08,153.90402556438835,133.26112245215654
2021-10-11,154.25569191757515,133.56562035455045
2021-10-12,153.17809591487963,132.63256059641512
2021-10-13,153.4066672422448,132.8304740137761
2021-10-14,155.27983032927222,134.45239270367279
2021-10-15,157.97192464556014,136.783400674517
2021-10-18,157.6444096467933,136.49981474363875
2021-10-19,158.77743798859265,137.48087178905774
2021-10-20,159.8760310971007,138.4321123444696
2021-10-21,160.1820853875608,138.69711605784514
2021-10-22,160.74360532176738,139.1833202129166
2021-10-25,162.18690510185397,140.43303248018165
2021-10-26,163.0408383972791,141.1724290556144
2021-10-27,162.3165764711341,140.54531123414415
2021-10-28,159.47598663641483,138.085725213488
2021-10-29,160.44877505788997,138.9280350652209
2021-11-01,161.24462534456836,139.61713921384674
2021-11-02,159.96952350772156,138.51306476617788
2021-11-03,159.65494247358671,138.2406779877474
2021-11-04,160.61700739179338,139.07370266271553
2021-11-05,160.83494252574687,139.26240650243577
2021-11-08,160.3492972704829,138.84190007583186
2021-11-09,159.4154412211204,138.0333006588223
2021-11-10,158.85421710111657,137.54735264086327
2021-11-11,158.8516333054523,137.54511540561782
2021-11-12,158.90938809453223,137.59512363634187
2021-11-15,159.82938766479492,138.39172512183978
2021-11-16,159.59580425340303,138.18947188334175
2021-11-17,159.26899034149793,137.9064930036552
2021-11-18,158.19365174429757,136.9753878687925
2021-11-19,156.1817013487524,135.23329719218287
2021-11-22,155.9161898165333,135.00339830111903
2021-11-23,155.85352605702926,134.94913953239643
2021-11-24,156.43265358282596,135.45058960069449
2021-11-26,152.96580633825187,132.448745084361
2021-11-29,154.70900280621586,133.95812937189757
2021-11-30,152.33602006094796,131.90343104263457
2021-12-01,152.412539910297,131.9696874058241
2021-12-02,148.47286921131368,128.55843849590687
2021-12-03,152.29791362918152,131.8704357661873
2021-12-06,150.84759628529451,130.61464718983618
2021-12-07,153.4497852130812,132.86780863949787
2021-12-08,155.01197271930928,134.22046241055594
2021-12-09,154.1048069000244,133.4349733053502
2021-12-10,154.6085934347036,133.8711877503034
2021-12-13,153.6649212934533,133.05408885825892
2021-12-14,152.12759666053617,131.7229631427059
2021-12-15,152.68013677791674,132.20139192955514
2021-12-16,155.13037212527527,134.32298109178495
2021-12-17,153.45983051767155,132.8765065832987
2021-12-20,149.64938691197608,129.57715174138667
2021-12-21,150.30911554609025,130.14839201904334
2021-12-22,152.04231353681914,131.64911890925535
2021-12-23,153.70607773138553,133.0897250483772
2021-12-27,154.40616806185974,133.69591337200794
2021-12-28,155.3657602971914,134.5267970211375
2021-12-29,155.54009122264628,134.67774521576106
2021-12-30,155.4891378636263,134.63362615005883
2021-12-31,154.5503627816025,133.82076748244543
2022-01-03,155.34113412973832,134.50547392250863
2022-01-04,156.29614368750126,135.33238956135122
2022-01-05,157.8793771704849,136.7032664456467
2022-01-06,155.78503425753846,134.88983442945684
2022-01-07,156.31750589487504,135.35088648969503
2022-01-10,156.9929252157406,135.93571288714855
2022-01-11,155.73199579667073,134.84390993331422
2022-01-12,158.06689309100716,136.86563115283877
2022-01-13,158.10891089147452,136.90201317230003
2022-01-14,154.02621327614298,133.36692131972077
2022-01-18,153.51061225424007,132.92047704599696
2022-01-19,152.9276081396609,132.415670349628
2022-01-20,150.6726978068449,130.46320756720186
2022-01-21,148.73768800618697,128.78773756538752
2022-01-24,143.06600967718632,123.87679246477357
2022-01-25,144.0795693689463,124.75440500090369
2022-01-26,146.530883750137,126.87692846786733
2022-01-27,146.3694510751841,126.73714850184116
2022-01-28,144.0756238042092,124.75098864851364
2022-01-31,146.43811813665897,126.79660535915258
2022-02-01,149.918957418325,129.81056518281108
2022-02-02,150.28256252833776,130.1254005154929
2022-02-03,150.20836581016073,130.06115568557192
2022-02-04,148.34058915352335,128.44390095269102
2022-02-07,150.64161082676478,130.43629023450748
2022-02-08,150.45138405780403,130.27157828068303
2022-02-09,152.89977209908622,132.39156791307377
2022-02-10,151.7800667042635,131.42204682886154
2022-02-11,150.91911648730843,130.67657450046647
2022-02-14,148.60807259228764,128.67550726159928
2022-02-15,149.04528413500105,129.05407631278146
2022-02-16,148.74836653106067,128.7969837966384
2022-02-17,148.48072573603417,128.56524123741403
2022-02-18,145.88769669435462,126.32001107284832
2022-02-22,145.19185965401786,125.7175055522876
2022-02-23,146.09215424985302,126.49704506035857
2022-02-24,138.17947862586198,119.64568408142355
2022-02-25,143.47646201386743,124.23219147983282
2022-02-28,144.05374213627405,124.73204193403058
2022-03-01,144.7894780879118,125.36909478813303
2022-03-02,142.15233586758984,123.08566827568583
2022-03-03,145.19886631868323,125.72357242412235
2022-03-04,141.78832102795036,122.77047816976294
2022-03-07,140.4789111662884,121.63669737829177
2022-03-08,136.6695467306643,118.33827695907917
2022-03-09,139.06829944922,120.41528877594136
2022-03-10,137.28027110197107,118.86708583805927
2022-03-11,139.862766577273,121.10319528681678
2022-03-14,139.20513608504314,120.53377173059768
2022-03-15,139.68445569641736,120.9488009619048
2022-03-16,142.59746057160046,123.47108910837761
2022-03-17,143.68936447221407,124.41653766875187
2022-03-18,146.9262583207111,127.21927207369914
2022-03-21,148.55603177206856,128.6304465941457
2022-03-22,148.87535106892489,128.90693609962588
2022-03-23,149.29981903154024,129.27447084691838
2022-03-24,148.58646184570935,128.65679513022073
2022-03-25,149.5297285002105,129.47354292281125
2022-03-28,150.4780273826755,130.29464797860163
2022-03-29,152.8160555508672,132.31908013283166
2022-03-30,152.691598211016,132.21131605879162
2022-03-31,151.97282310407988,131.58894911816276
2022-04-01,150.2633336125588,130.1087507437222
2022-04-04,149.9793193194331,129.86283083775746
2022-04-05,149.709183400991,129.62892782206814
2022-04-06,147.9189792165951,128.07884088862832
2022-04-07,147.79503347435775,127.97151979242474
2022-04-08,148.1619731552747,128.28924243529852
2022-04-11,147.91938853750423,128.07919530797244
2022-04-12,147.55979658632862,127.7678348554911
2022-04-13,144.9717678537174,125.5269343164606
2022-04-14,146.5276868781265,126.87416038723467
2022-04-18,144.07795896335523,124.75301059646311
2022-04-19,144.73816336417684,125.32466282699255
2022-04-20,147.5549664983944,127.76365261959901
2022-04-21,148.75003351484025,128.79842719052468
2022-04-22,144.36812980807557,125.00426128551116
2022-04-25,139.37118938991003,120.6775525687681
2022-04-26,139.44489091756392,120.74136862728626
2022-04-27,136.9983009026975,118.62293585487684
2022-04-28,139.06489740099227,120.41234303905239
2022-04-29,138.94394496995577,120.30761376596072
2022-05-02,134.30278908476538,116.28896876646948
2022-05-03,134.90761895082434,116.81267376085174
2022-05-04,135.40714287271305,117.2451973305146
2022-05-05,137.72619097573417,119.25319518564442
2022-05-06,134.3531285110785,116.33255624528611
2022-05-09,131.5319033836832,113.8897375744409
2022-05-10,130.5840830900231,113.06904691509729
2022-05-11,128.63768781934465,111.38371855831777
2022-05-12,126.41462705573257,109.45883341283889
2022-05-13,128.61033914527115,111.3600381185681
2022-05-16,129.05639523875956,111.74626541494261
2022-05-17,130.9815656311658,113.41321575274507
2022-05-18,130.2554430280413,112.78448682395062
2022-05-19,126.25761894303925,109.32288454954646
2022-05-20,128.27006766260888,111.06540671076868
2022-05-23,129.31605416901257,111.97109670426953
2022-05-24,129.51687141340605,112.14497864983583
2022-05-25,129.24897894567374,111.91301817436698
2022-05-26,131.9759192174795,114.27419826792334
2022-05-27,134.63653097347338,116.5779463844066
2022-05-31,135.84302820478166,117.62261805358459
2022-06-01,134.82040924928626,116.7371613584109
2022-06-02,133.54721030410454,115.63473457056294
2022-06-03,134.60850262155338,116.5536774309231
2022-06-06,135.39796072123002,117.2372467664623
2022-06-07,133.94965969786352,115.9832040647548
2022-06-08,135.26129333340393,117.11891035883735
2022-06-09,133.62714276994978,115.70394582140477
2022-06-10,128.38823040164246,111.16772046882595
2022-06-13,123.55761864720559,106.9850310156672
2022-06-14,123.03190554404745,106.52983097812596
2022-06-15,123.5587070231535,106.9859734094736
2022-06-16,120.74102080598169,104.54621898043044
2022-06-17,119.64993155732446,103.60147580403634
2022-06-21,122.69891197827397,106.24150131175377
2022-06-22,121.30836693121462,105.03746786875658
2022-06-23,123.21448980058942,106.68792549761399
2022-06-24,124.51319760692363,107.81243968348282
2022-06-27,128.61789090292794,111.36657697093494
2022-06-28,128.5315648487636,111.29182969364561
2022-06-29,125.93595858982631,109.04436798988975
2022-06-30,123.24163259778705,106.71142767442699
2022-07-01,124.0312246011228,107.39511295333966
2022-07-05,123.97244860201465,107.34422048587055
2022-07-06,125.87557814072589,108.99208627476385
2022-07-07,126.75360609560596,109.75234573115303
2022-07-08,127.38340111168064,110.29766733953275
2022-07-11,126.12843552414252,109.21102829795555
2022-07-12,125.21979567469383,108.42426287191648
2022-07-13,123.16299304183649,106.64333591752407
2022-07-14,121.59047689243239,105.28173886783507
2022-07-15,123.54639469847388,106.97531251739632
2022-07-18,125.99329245820337,109.09401175733788
2022-07-19,125.66346985953194,108.80842774127424
2022-07-20,127.85489853060976,110.7059235566744
2022-07-21,128.54761849617472,111.30573009076397
2022-07-22,130.00653144291468,112.56896135537578
2022-07-25,129.6501354684635,112.26036820832437
2022-07-26,128.98312957919373,111.68282676221644
2022-07-27,128.7408845084054,111.47307363897374
2022-07-28,130.47714284001563,112.9764503913933
2022-07-29,132.07197208793795,114.35736771904787
2022-08-01,132.40108830588204,114.64234010011201
2022-08-02,131.88047636771688,114.19155701638522
2022-08-03,132.75292449094812,114.94698505510425
2022-08-04,133.5920410545505,115.67355224347887
2022-08-05,132.9238775603625,115.09500846016635
2022-08-08,135.41673520146583,117.2535030554093
2022-08-09,134.9406127151178,116.84124212381393
2022-08-10,137.32612242017473,118.90678719159646
2022-08-11,139.62435397323296,120.89676058762939
2022-08-12,139.9041766536479,121.1390510952553
2022-08-15,140.28659970419747,121.4701803479238
2022-08-16,140.98210957585547,122.07240258242231
2022-08-17,140.3432646965494,121.51924495462833
2022-08-18,141.06963307516915,122.14818669344028
2022-08-19,140.8661220316984,121.97197226379903
2022-08-22,137.14340171035454,118.74857452109224
2022-08-23,135.85639529325525,117.63419223565926
2022-08-24,135.2296603650463,117.09152027040805
2022-08-25,136.4248300863772,118.12638377057527
2022-08-26,138.25948876750712,119.71496258953334
2022-08-29,132.5074488386816,114.7344346631587
2022-08-30,133.05938635067065,115.21234167112281
2022-08-31,132.31486476197534,114.56768158354187
2022-09-01,130.1873204562129,112.72550142475204
2022-09-02,132.73013568411068,114.92725287482264
2022-09-06,130.62979682610958,113.10862914018868
2022-09-07,130.58659929158736,113.07122562253224
2022-09-08,132.44584980789497,114.68109781277751
2022-09-09,135.94381030724972,117.70988241232199
2022-09-12,137.0103411187931,118.63336113586335
2022-09-13,134.38598697039546,116.36100745151397
2022-09-14,132.55652988200285,114.77693254390044
2022-09-15,131.53721204095956,113.89433418992752
2022-09-16,130.12836818305814,112.67445632659494
2022-09-19,128.72489806583948,111.45923143262118
2022-09-20,129.878026981743,112.45769299398593
2022-09-21,129.5419735032685,112.16671383615535
2022-09-22,126.20037448649504,109.27331820126369
2022-09-23,122.8080953481246,106.33604008919019
2022-09-26,121.74377530934859,105.41447561096753
2022-09-27,121.49265219240772,105.19703523983685
2022-09-28,120.39707413498236,104.24840533148286
2022-09-29,120.9880951861946,104.76015366547588
2022-09-30,120.61374103779696,104.43601104589754
2022-10-03,120.50231287430744,104.3395285654365
2022-10-04,124.56758532232168,107.8595324607833
2022-10-05,125.59959197530941,108.75311769645802
2022-10-06,126.07659873183893,109.1661442924764
2022-10-07,123.71231300976811,107.1189764684681
2022-10-10,122.42068086351667,106.00058889560542
2022-10-11,120.74666554587228,104.55110660030272
2022-10-12,120.03795935183155,103.93745804523518
2022-10-13,116.51453049328862,100.88662111716982
2022-10-14,124.09775539320343,107.45272007568607
2022-10-17,122.76887759383844,106.30208255015208
2022-10-18,126.34240839432697,109.39630132606852
2022-10-19,123.63033987551319,107.04799826083726
2022-10-20,122.42646304928526,106.00559552595783
2022-10-21,120.74674857392603,104.55117849193516
2022-10-24,124.82285787621323,108.08056571146061
2022-10-25,125.41843577793666,108.59625969282538
2022-10-26,128.71639450228943,111.45186843857753
2022-10-27,129.421429050212,112.0623378196036
2022-10-28,130.52149599425647,113.0148545273264
2022-10-31,133.11830069094287,115.26335392427482
2022-11-01,133.81476174568644,115.86639976117863
2022-11-02,132.34891079883187,114.59716107941543
2022-11-03,128.87632586031543,111.59034845693758
2022-11-04,130.80442200874796,113.25983212374592
2022-11-07,132.4433333143896,114.67891885255904
2022-11-08,133.22591892553837,115.3565374955682
2022-11-09,132.8094225124437,114.99590508648885
2022-11-10,136.05054355154232,117.80229969565966
2022-11-11,139.8480272487718,121.09043292109534
2022-11-14,139.30659883849475,120.62162544568058
2022-11-15,139.6603398031118,120.92791969516048
2022-11-16,138.28496609901896,119.73702268693431
2022-11-17,135.94588532739755,117.71167911330494
2022-11-18,138.66931864680078,120.06982263642828
2022-11-21,137.46578311920166,119.02771542233333
2022-11-22,138.57530595818343,119.9884197207869
2022-11-23,139.24680157097018,120.56984869090972
2022-11-25,140.07455825805664,121.28657968500754
2022-11-28,139.41891185604797,120.71887409613169
2022-11-29,137.92401533710714,119.424485678848
2022-11-30,138.0831976131517,119.56231708840599
2022-12-01,141.4857814749893,122.50851776771424
2022-12-02,139.10564617234834,120.44762624226651
2022-12-05,139.2756471633911,120.59482526972054
2022-12-06,137.30095205501635,118.88499288763829
2022-12-07,136.1718367362509,117.90732401767323
2022-12-08,136.49102105899732,118.18369665290705
2022-12-09,135.75428557882503,117.54577833544877
2022-12-12,135.665066504965,117.46852607461203
2022-12-13,140.87510138141866,121.97974722756766
2022-12-14,137.6748974858498,119.20878161029178
2022-12-15,134.2833338562323,116.27212303691579
2022-12-16,132.05598663797184,114.3435263721593
2022-12-19,132.13326489195532,114.41043941637122
2022-12-20,131.51037430276676,113.87109615503834
2022-12-21,133.1614969409242,115.30075632968382
2022-12-22,133.38469398264982,115.4940163058234
2022-12-23,133.03411633627755,115.1904610837239
2022-12-27,133.80574880327498,115.85859571045323
2022-12-28,133.70367281777519,115.77021101516519
2022-12-29,133.02374119661292,115.1814775451047
2022-12-30,133.38707458729647,115.49607760374047
2023-01-03,134.6480276341341,116.58790101618754
2023-01-04,135.11605531342175,116.99315288436858
2023-01-05,135.0319052326436,116.92028972060263
2023-01-06,135.50088551579688,117.32636642140206
2023-01-09,138.81217795002217,120.1935204476467
2023-01-10,138.56071452705228,119.97578541519553
2023-01-11,140.06183678763253,121.27556452525626
2023-01-12,141.39401346323442,122.42905845398404
2023-01-13,139.9520752186678,121.18052510163682
2023-01-17,141.89074860786906,122.85916730066755
2023-01-18,141.46483106029277,122.4903773989483
2023-01-19,138.22267335774947,119.68308517235823
2023-01-20,138.632966489208,120.03834633613917
2023-01-23,140.51319690626494,121.66638442628559
2023-01-24,141.4868702791175,122.50946053226977
2023-01-25,140.37618907617062,121.54775323937447
2023-01-26,143.0919720980586,123.89927258726763
2023-01-27,143.26238106708138,124.04682487126159
2023-01-30,142.47156437075867,123.36207916549198
2023-01-31,142.35272084450236,123.25917593312357
2023-02-01,142.90190377527352,123.73469782748437
2023-02-02,145.26659998601798,125.78222108197083
2023-02-03,143.235578108807,124.02361695131549
2023-02-06,142.8682985305786,123.70560000101815
2023-02-07,142.18346868242537,123.11262529539253
2023-02-08,143.2573469706944,124.04246599024727
2023-02-09,144.87360494963977,125.44193784718323
2023-02-10,141.47585006636015,122.49991844318974
2023-02-13,142.84210866811324,123.68292294331154
2023-02-14,144.01394663051684,124.69758413641088
2023-02-15,141.91374177348857,122.87907642941155
2023-02-16,141.98598597001057,122.94163062631362
2023-02-17,141.29061155903096,122.33952568336734
2023-02-21,140.67013592622718,121.8022734641455
2023-02-22,139.15911705639897,120.49392516135562
2023-02-23,139.49585089391593,120.78549342274823
2023-02-24,137.60863928892175,119.151410520342
2023-02-27,139.59108907349255,120.86795745618817
2023-02-28,138.42217768455038,119.85583029988858
2023-03-01,138.16210916090984,119.63064435528628
2023-03-02,137.2971567815664,118.88170666820317
2023-03-03,138.4598640714373,119.88846187141048
2023-03-06,139.61033957345145,120.88462591708695
2023-03-07,139.50170020667875,120.7905581764575
2023-03-08,136.76326566812943,118.41942552394502
2023-03-09,136.23095232126664,117.95851052293015
2023-03-10,131.21959310648393,113.61931697991588
2023-03-13,125.96493942883549,109.06946167487821
2023-03-14,128.83782343961755,111.55701030492689
2023-03-15,124.69816260435144,107.97259561885359
2023-03-16,124.27200626840397,107.60359895706908
2023-03-17,127.08146229568793,110.03622709855459
2023-03-20,125.7099997656686,108.8487166648201
2023-03-21,129.36231198602792,112.01115003357683
2023-03-22,129.8946938612023,112.47212437130942
2023-03-23,126.6448313849313,109.65816080008474
2023-03-24,124.23251702834149,107.56940634621168
2023-03-27,128.02486585111035,110.85309342976272
2023-03-28,127.17700755839445,110.11895702655072
2023-03-29,128.91833394887496,111.62672206713384
2023-03-30,130.64265231696928,113.11976034442688
2023-03-31,130.33027304435262,112.84928000873049
2023-04-03,130.91642938341414,113.3568161267062
2023-04-04,131.72449012678496,114.05649296281382
2023-04-05,129.24472886688855,111.90933815191566
2023-04-06,130.12741400271045,112.67363012894553
2023-04-10,129.793808392116,112.38477051035451
2023-04-11,131.07979587632784,113.4982705307539
2023-04-12,132.68843563235535,114.89114598494209
2023-04-13,131.37537360677914,113.75420288851616
2023-04-14,133.50408172607422,115.59739076037339
2023-04-17,132.47581692131197,114.70704548475005
2023-04-18,134.77741428297392,116.69993323881127
2023-04-19,134.77897873703316,116.70128785512617
2023-04-20,134.6584349262471,116.59691239469817
2023-04-21,134.54823225371692,116.50149103203564
2023-04-24,134.1061226202517,116.11868086325394
2023-04-25,132.70843546731132,114.90846327372199
2023-04-26,130.62544168744768,113.10485814937547
2023-04-27,130.94054449821004,113.37769671936113
2023-04-28,131.89265377667485,114.20210108877285
2023-05-01,133.90598748654736,115.94538953795073
2023-05-02,132.35442128473397,114.60193245257398
2023-05-03,131.24945484862036,113.64517341389077
2023-05-04,128.98768668272058,111.68677262866724
2023-05-05,130.02540726564368,112.5853053939079
2023-05-08,131.8855775910981,114.19597402075638
2023-05-09,130.82612284835503,113.27862226411807
2023-05-10,132.16285773686,114.43606301987401
2023-05-11,130.28442071408642,112.80957777887708
2023-05-12,131.53809524069027,113.89509892747765
2023-05-15,130.883605373149,113.32839474893343
2023-05-16,130.9685028815756,113.40190508906151
2023-05-17,130.42074740662866,112.92761918813683
2023-05-18,131.16537430821631,113.57237046315873
2023-05-19,133.35588426006083,115.4690707856808
2023-05-22,132.4923812321254,114.72138805079763
2023-05-23,132.6319046993645,114.84219745642892
2023-05-24,130.3862924770433,112.89778564366834
2023-05-25,129.37346989767892,112.02081135221604
2023-05-26,129.90945553293034,112.48490608339611
2023-05-30,130.73618939458106,113.20075144201338
2023-05-31,130.11727804067183,112.66485368743633
2023-06-01,129.38122476850236,112.0275260745023
2023-06-02,131.57149622391682,113.92401988974261
2023-06-05,133.24272163546814,115.37108648463634
2023-06-06,132.59727917885294,114.8122162021249
2023-06-07,134.19115687389763,116.19230960718173
2023-06-08,134.0569391055983,116.07609425549745
2023-06-09,134.47210981407943,116.4355787746227
2023-06-12,134.50748328773344,116.46620766029918
2023-06-13,134.38149633212964,116.35711913544402
2023-06-14,135.73312860605668,117.52745911391796
2023-06-15,135.0453053493889,116.93189250091926
2023-06-16,138.29170125844527,119.74285447009756
2023-06-20,136.1717006722275,117.90720620370175
2023-06-21,135.7194206471346,117.51558978180799
2023-06-22,135.56979519980294,117.38603335866893
2023-06-23,133.73295807351872,115.79556828595372
2023-06-26,133.90796013267672,115.9470975961801
2023-06-27,134.09707511201196,116.11084688296003
2023-06-28,134.7591832219338,116.6841474811042
2023-06-29,135.11710813094157,116.99406448914249
2023-06-30,137.49054451378024,119.04915561028761
2023-07-03,137.4454423359462,119.01010291610916
2023-07-05,137.10564553007788,118.71588251745735
2023-07-06,136.27639431856116,117.99785745712327
2023-07-07,136.01516998057463,117.77167072572199
2023-07-10,137.06653104509627,118.68201439637558
2023-07-11,137.9918365673143,119.48321015489955
2023-07-12,140.5802036012922,121.72440361947041
2023-07-13,140.34863894326347,121.5238983621453
2023-07-14,141.85989765245088,122.83245433502113
2023-07-17,140.16445551113208,121.36441916195602
2023-07-18,141.3730957264803,122.4109463801199
2023-07-19,143.0285032622668,123.8443167258642
2023-07-20,143.34112272457202,124.11500503498678
2023-07-21,144.98911569556412,125.54195531976535
2023-07-24,144.27360460709554,124.92241459997828
2023-07-25,144.8522450194067,125.42344289055085
2023-07-26,144.54401411328996,125.15655450752818
2023-07-27,145.2680953084206,125.7835158391487
2023-07-28,144.27962682685074,124.927629068939
2023-07-31,143.29455792174048,124.07468589538442
2023-08-01,143.1558507802535,123.95458332302545
2023-08-02,143.09982932343775,123.90607593545522
2023-08-03,142.3663941597452,123.27101526825611
2023-08-04,143.17925217686866,123.97484592738846
2023-08-07,143.5421769667645,124.2890921902128
2023-08-08,142.5475519530627,123.42787465377197
2023-08-09,142.53047588893347,123.41308897507004
2023-08-10,143.37448935606042,124.14389625305782
2023-08-11,142.5244909208648,123.40790676128617
2023-08-14,142.926598334799,123.75608014486532
2023-08-15,141.8673455179954,122.83890323016013
2023-08-16,139.82142929155,121.0674025057354
2023-08-17,140.71074843893246,121.83743868486575
2023-08-18,138.14462546912992,119.61550572338464
2023-08-21,139.41299397604806,120.71374997200022
2023-08-22,139.07816398387052,120.423830196188
2023-08-23,138.45714378356934,119.88610645144439
2023-08-24,139.75047695393465,121.00596689275159
2023-08-25,139.88319751194544,121.12088585259124
2023-08-28,140.3700681024668,121.54245326217583
2023-08-29,140.50326658754932,121.65778604548628
2023-08-30,141.89618937823238,122.86387830912207
2023-08-31,142.50829951617183,123.39388708405194
2023-09-01,142.87326499394007,123.70990032051752
2023-09-05,142.9419046129499,123.76933341617824
2023-09-06,141.30891169333944,122.35537124965472
2023-09-07,140.96700646925945,122.05932523158552
2023-09-08,141.6191831900149,122.62402652205746
2023-09-11,142.45472839900427,123.34750137595505
2023-09-12,142.31479477395817,123.22633682633356
2023-09-13,143.74676825075733,124.46624196942638
2023-09-14,144.15340250365588,124.81833501423168
2023-09-15,143.9562573530236,124.64763263030821
2023-09-18,143.47959210921306,124.23490174044886
2023-09-19,144.10741461539754,124.77851540856484
2023-09-20,144.50156437620825,125.11979848642632
2023-09-21,142.724081467609,123.58072654421541
2023-09-22,141.04469406361483,122.1265927119938
2023-09-25,139.61027320550411,120.88456845096725
2023-09-26,139.51897885848064,120.8055192700685
2023-09-27,138.8983673562809,120.2681494053975
2023-09-28,138.30278922100456,119.7524552218059
2023-09-29,139.66251647715666,120.92980441536427
2023-10-02,137.52911612452294,119.08255367199206
2023-10-03,136.224965698865,117.95332687670638
2023-10-04,134.80081717822017,116.72019714079636
2023-10-05,136.03469523605034,117.78857708961546
2023-10-06,136.73653209452726,118.39627768221497
2023-10-09,137.36397902819576,118.93956615276147
2023-10-10,139.16816277406653,120.50175759124396
2023-10-11,139.73204032742248,120.99000314174356
2023-10-12,139.97897996707837,121.20382115876941
2023-10-13,138.77659887197066,120.1627135349648
2023-10-16,139.2072788939184,120.53562712791344
2023-10-17,139.4110885931521,120.71210015509332
2023-10-18,140.12942121466813,121.33408396017045
2023-10-19,138.28911598361267,119.7406159540823
2023-10-20,136.4352052065791,118.13536729234224
2023-10-23,133.88673447589485,115.92871890311368
2023-10-24,134.21102058644198,116.20950903143343
2023-10-25,134.17823170642464,116.181118071944
2023-10-26,133.95115609071692,115.98449974880556
2023-10-27,133.51952408771126,115.61076186251005
2023-10-30,131.98578219511072,114.28273833999123
2023-10-31,133.18993221983618,115.32537762968657
2023-11-01,134.6422453121263,116.58289426786948
2023-11-02,136.77585051011067,118.43032238101001
2023-11-03,140.03591987064905,121.25312380328648
2023-11-06,140.48850347557845,121.64500308633424
2023-11-07,139.6423462848274,120.91233961897565
2023-11-08,139.88095324380058,121.11894260457694
2023-11-09,140.43880982301673,121.60197476465883
2023-11-10,140.28068114300163,121.46505563396414
2023-11-13,140.69694036366988,121.82548266486141
2023-11-14,142.4496600676556,123.34311285186021
2023-11-15,144.05323812912923,124.73160552856557
2023-11-16,144.23537411981698,124.88931190738822
2023-11-17,145.23739501408167,125.75693332664966
2023-11-20,144.94564737592424,125.50431733697005
2023-11-21,146.02129208311743,126.43568752377725
2023-11-22,146.65843475108244,126.98737125514046
2023-11-24,147.11387640116166,127.3817252382702
2023-11-27,147.15374113588916,127.41624297928811
2023-11-28,147.14986398268718,127.41288586250236
2023-11-29,147.4578243567019,127.67953999946526
2023-11-30,147.75979583117427,127.94100851849296
2023-12-01,149.1733327982377,129.16495001169116
2023-12-04,149.9148312977382,129.8069924922414
2023-12-05,150.44054479015116,130.26219286682732
2023-12-06,150.69265435666455,130.48048737661222
2023-12-07,149.43739437570378,129.39359342813572
2023-12-08,149.26993263011076,129.24859306116232
2023-12-11,150.25105427722542,130.0981184161824
2023-12-12,151.89190350746622,131.5188831388385
2023-12-13,153.02646247708068,132.50126551138882
2023-12-14,155.89428485169702,134.9844314145113
2023-12-15,153.97210911342077,133.32007406262494
2023-12-18,155.10367465505794,134.29986451094993
2023-12-19,155.10693820641964,134.30269032733807
2023-12-20,154.95244968180754,134.16892310376943
2023-12-21,153.23085010295011,132.6782389488204
2023-12-22,154.3653057448718,133.66053185285764
2023-12-26,154.30428637290487,133.60769691257707
2023-12-27,154.59870727694764,133.86262760722417
2023-12-28,155.41530665572807,134.56969780510207
2023-12-29,155.7654410187079,134.87286920070824
2024-01-02,154.9275524762212,134.14736532092266
2024-01-03,154.64068004063196,133.89897063061477
2024-01-04,154.06666710911963,133.401949144173
2024-01-05,154.2989790390949,133.60310144304236
2024-01-08,155.0933327188297,134.29090972224282
2024-01-09,155.15285815024862,134.34245110185418
2024-01-10,154.7855105886654,134.0243752867017
2024-01-11,155.35251771187296,134.51533064280704
2024-01-12,155.80013607959359,134.9029106680462
2024-01-16,154.72605467815788,133.972894103272
2024-01-17,153.2500684893861,132.69487960353226
2024-01-18,154.45863980663066,133.74134716478594
2024-01-19,155.92061182917382,135.0072271962101
2024-01-22,157.77867912759586,136.61607487171014
2024-01-23,157.8535716776945,136.68092220271953
2024-01-24,158.53659812771545,137.27233539714715
2024-01-25,158.2140121070706,136.99301732836457
2024-01-26,158.69632693699427,137.41064003430256
2024-01-29,158.7268023393592,137.43702781923176
2024-01-30,159.09040807217968,137.75186369118512
2024-01-31,159.76129212671395,138.33276313039497
2024-02-01,157.87129240619893,136.69626607798537
2024-02-02,158.24870726527,137.0230588799637
2024-02-05,158.21272174679504,136.9919000420684
2024-02-06,158.48571415336764,137.22827640966094
2024-02-07,159.7168713589104,138.29430044979918
2024-02-08,158.8472103391375,137.54128568476733
2024-02-09,158.77955806498625,137.48270750296362
2024-02-12,160.11258465903146,138.6369373519205
2024-02-13,158.5576865721722,137.2905952819602
2024-02-14,158.40554474811165,137.15885999971613
2024-02-15,159.58646313025028,138.18138367023792
2024-02-16,160.5538092632683,139.01898119904203
2024-02-20,159.14156625708756,137.7961601098034
2024-02-21,159.78595352172852,138.35411673156833
2024-02-22,160.86856984119026,139.29152343933592
2024-02-23,162.71455762824235,140.889911809188
2024-02-26,162.53455773178413,140.7340550136602
2024-02-27,161.8142849474537,140.11039127673308
2024-02-28,162.53401400118457,140.7335842127845
2024-02-29,164.4484355303706,142.3912274153606
2024-03-01,163.62374280423535,141.67714941798596
2024-03-04,163.42857148695964,141.5081561202782
2024-03-05,163.8835364166571,141.9020973247757
2024-03-06,164.37557683672225,142.32814114285816
2024-03-07,165.5378234435101,143.3344974536745
2024-03-08,165.252652538066,143.08757606996915
2024-03-11,164.78081594194686,142.6790261689366
2024-03-12,165.77690469002238,143.5415111113787
2024-03-13,166.5041490671586,144.17121135241396
2024-03-14,166.7851011509798,144.41447977835662
2024-03-15,164.00000077850964,142.00294050629242
2024-03-18,165.7797288310771,143.54395645486815
2024-03-19,165.91387655297103,143.66011115536043
2024-03-20,166.32510286447953,144.0161803332297
2024-03-21,168.52027334485734,145.91691607497674
2024-03-22,169.64326537385278,146.88928296232726
2024-03-25,167.62721053921447,145.1436383685372
2024-03-26,167.825782542326,145.3155762234775
2024-03-27,168.97877498548857,146.31391961697383
2024-03-28,170.19996460116639,147.37131300428362
2024-04-01,170.46636063711983,147.60197776199726
2024-04-02,169.0364620831548,146.3638692356262
2024-04-03,168.28163368847905,145.71028477762147
2024-04-04,169.62455687230948,146.87308380245528
2024-04-05,166.24612304142542,143.9477939487107
2024-04-08,167.65401392566915,145.16684665923248
2024-04-09,168.5999991942425,145.98594842249696
2024-04-10,165.2497951157239,143.08510190915865
2024-04-11,164.49466031911422,142.43125214642595
2024-04-12,162.52561166335124,140.72630886721257
2024-04-15,163.21081574109135,141.3196076076035
2024-04-16,160.0081632964465,138.5465218612598
2024-04-17,160.00013561638033,138.5395709212023
2024-04-18,160.17462654503024,138.69065765804584
2024-04-19,160.52163365422462,138.99112125346218
2024-04-22,162.24693975643237,140.48501478165693
2024-04-23,163.60707543820752,141.6627176193566
2024-04-24,163.22102186631184,141.32844480141816
2024-04-25,162.75585040267632,140.92566604920904
2024-04-26,161.5120424348481,139.84868807348755
2024-04-29,161.7936741186648,140.09254494575504
2024-04-30,161.33700616019112,139.69712913703287
2024-05-01,160.4851015052017,138.95948910370825
2024-05-02,161.55238058129135,139.8836157282578
2024-05-03,162.35299398461166,140.57684412423677
2024-05-06,163.07625811440604,141.20309798220006
2024-05-07,164.94088346130994,142.8176240855293
2024-05-08,164.94707401431336,142.82298430946634
2024-05-09,164.77278939071968,142.67207620630873
2024-05-10,166.95516985289905,144.56173743473454
2024-05-13,167.0941834157827,144.6821053286737
2024-05-14,166.06959208663628,143.7949408112019
2024-05-15,166.8661896452612,144.484692001372
2024-05-16,168.0800680043746,145.53575477937684
2024-05-17,168.73666607603735,146.10428439196383
2024-05-20,168.7134279134322,146.0841631272917
2024-05-21,167.4496596394753,144.9899020896786
2024-05-22,167.32816308858443,144.88470167866654
2024-05-23,167.21210839797038,144.78421321983416
2024-05-24,165.13455754883435,142.98532097454023
2024-05-28,165.5225172626729,143.32124426662273
2024-05-29,162.3410879641163,140.56653503940723
2024-05-30,161.9015647927109,140.1859644146271
2024-05-31,163.05442329328886,141.18419183104552
2024-06-03,164.5782979653806,142.50367160770932
2024-06-04,162.77972822773214,140.94634117942078
2024-06-05,163.40333325522286,141.48630305257825
2024-06-06,163.49581673680518,141.56638187130147
2024-06-07,162.38503349070646,140.60458622214065
2024-06-10,162.2543534843289,140.4914341179766
2024-06-11,162.14972717907963,140.4008411732865
2024-06-12,162.8610192318352,141.0167287499363
2024-06-13,161.76098786568156,140.0642428480982
2024-06-14,160.2397960351438,138.7470860677013
2024-06-17,160.30244891497554,138.80133541602484
2024-06-18,162.27755032753458,140.51151960535483
2024-06-20,163.08346968281026,141.20934227435984
2024-06-21,164.2476192396514,142.21734629555374
2024-06-24,164.50898040070825,142.44365149816366
2024-06-25,165.3560545590459,143.17710894169926
2024-06-26,163.79112302040568,141.82207919094898
2024-06-27,163.1763968954281,141.2898053071778
2024-06-28,163.6791158792924,141.72509539021553
2024-07-01,164.6237424928315,142.54302073269292
2024-07-02,163.24285592838208,141.34735029533553
2024-07-03,164.89537503767986,142.7782196346598
2024-07-05,164.32272142293502,142.28237514198113
2024-07-08,164.72421675312276,142.63001853963698
2024-07-09,164.43714143791976,142.38144818163647
2024-07-10,164.92965999914676,142.8079060085643
2024-07-11,167.06163250670141,144.6539204214557
2024-07-12,169.02510234287806,146.35403315931507
2024-07-15,170.4006125781001,147.54504838596637
2024-07-16,171.74244968258606,148.70690700555747
2024-07-17,172.98959241594588,149.78677245999324
2024-07-18,173.6124489453374,150.32608622991566
2024-07-19,172.97081624245158,149.7705147049018
2024-07-22,171.3306136033973,148.3503098471808
2024-07-23,172.5242847131223,149.38387574214255
2024-07-24,172.5410209188656,149.39836714712536
2024-07-25,170.49336768169792,147.6253623944745
2024-07-26,172.39224455307942,149.2695459195693
2024-07-29,175.0834701304533,151.59980167407363
2024-07-30,176.03602169971077,152.42458901051475
2024-07-31,177.4379590092873,153.63848668990693
2024-08-01,177.06510214902917,153.31564052958214
2024-08-02,172.2826536528918,149.17465427319434
2024-08-05,167.47020349697192,145.0076904321177
2024-08-06,166.67285825768295,144.31729184650644
2024-08-07,169.955817164207,147.15991267623042
2024-08-08,169.26551211610132,146.56219715054738
2024-08-09,171.10326525629785,148.15345537368012
2024-08-12,172.26040740888945,149.15539188265433
2024-08-13,171.56265175099276,148.55122508566726
2024-08-14,172.665307940269,149.50598374726113
2024-08-15,175.78734645064995,152.20926817862363
2024-08-16,175.89530528321558,152.30274666402102
2024-08-19,177.01061342200455,153.26846028918453
2024-08-20,177.78285775865828,153.93712471646256
2024-08-21,177.33305948607776,153.54765717354869
2024-08-22,177.5402041649332,153.72701786481738
2024-08-23,179.2065310575524,155.16984297136244
2024-08-26,180.90061302574313,156.63670040916614
2024-08-27,180.49408229516476,156.28469700139624
2024-08-28,181.30234646310612,156.98454997705906
2024-08-29,182.52204087315772,158.0406487083044
2024-08-30,183.5173466546195,158.90245570220415
2024-09-03,184.23030582739383,159.51978679070592
2024-09-04,183.5115311681008,158.8974202376785
2024-09-05,184.31530528165857,159.59338540283838
2024-09-06,182.2267354069924,157.78495209645075
2024-09-09,181.38922366317436,157.05977447592542
2024-09-10,182.48979521770866,158.01272811153254
2024-09-11,180.82898064048922,156.5746759622561
2024-09-12,180.39030668686848,156.19484065102463
2024-09-13,181.90408060502034,157.50557447187143
2024-09-16,183.00530639959842,158.4590945953418
2024-09-17,184.6624467810806,159.89396536293407
2024-09-18,185.40285686570772,160.53506541597343
2024-09-19,187.37122500672632,162.2394194568069
2024-09-20,186.55857074503996,161.5357652237177
2024-09-23,186.6869386945452,161.64691538353463
2024-09-24,186.63224449936226,161.59955723409723
2024-09-25,186.48122487749373,161.46879363484308
2024-09-26,185.34418434999426,160.48426255183526
2024-09-27,186.03091843274174,161.07888608008597
2024-09-30,186.10530553545271,161.14329575856496
2024-10-01,186.59551003514503,161.56774990536547
2024-10-02,186.50775533792924,161.49176560665373
2024-10-03,186.7930610228558,161.73880369208305
2024-10-04,187.79959306911547,162.61033118966964
2024-10-07,188.46102046966553,163.18304238091156
2024-10-08,186.27510212878792,161.29031780385213
2024-10-09,186.8697962858239,161.8052465758042
2024-10-10,189.50489834376745,164.0869065696205
2024-10-11,189.3612256925933,163.96250450352164
2024-10-14,191.82142724796216,166.09272312207125
2024-10-15,193.33204166256652,167.40072121857563
2024-10-16,192.96489904364762,167.08282285745258
2024-10-17,195.57928507668632,169.34654543396326
2024-10-18,194.66693843140894,168.55657039874717
2024-10-21,194.1588780344749,168.1166553379121
2024-10-22,192.2514289933808,166.465049414647
2024-10-23,191.6867350753473,165.97609699717063
2024-10-24,191.6147957626654,165.91380679052224
2024-10-25,192.414081748651,166.60588581355051
2024-10-28,190.9357142934994,165.32580944291772
2024-10-29,190.90632720869414,165.30036400123817
2024-10-30,190.4516338620867,164.90665795282112
2024-10-31,189.68265097481864,164.24081752188988
2024-11-01,188.29846909581397,163.04229376529764
2024-11-04,186.77673419640988,161.72466675700105
2024-11-05,186.2975103222594,161.30972042183552
2024-11-06,197.4670399257115,170.98109871593928
2024-11-07,197.2580614284593,170.80015017343
2024-11-08,196.55571384819186,170.19200736134454
2024-11-11,199.02775336285026,172.3324761324596
2024-11-12,199.40999945815727,172.66345216461187
2024-11-13,199.10673491808834,172.40086401682743
2024-11-14,199.29591587611608,172.56467043268236
2024-11-15,198.20265326208,171.6180454009643
2024-11-18,198.1739787666165,171.59321697014713
2024-11-19,197.86469451748596,171.3254165273402
2024-11-20,199.00898034232003,172.31622110743018
2024-11-21,199.46377551798918,172.71001532673824
2024-11-22,201.03755059534188,174.07270244636467
2024-11-25,203.7648978330651,176.43423492014477
2024-11-26,203.66663492942342,176.34915186408645
2024-11-27,205.07489912850517,177.56852781731845
2024-11-29,205.24489823166206,177.71572521010575
2024-12-02,205.37755253850196,177.83058680493912
2024-12-03,203.99489749207788,176.63338508929246
2024-12-04,202.4618362504609,175.30595092311916
2024-12-05,202.10051116164848,174.9930897960064
2024-12-06,201.97632777934172,174.8855629340194
2024-12-09,201.46408112195073,174.44202310921
2024-12-10,198.7816322871617,172.11936688671298
2024-12-11,198.8231639083551,172.15532793735605
2024-12-12,199.5087728305739,172.74897722107713
2024-12-13,198.71857090385592,172.06476382683917
2024-12-16,198.24551052949866,171.65515429100472
2024-12-17,196.79591969081335,170.3999947748636
2024-12-18,196.14785544726314,169.83885436154492
2024-12-19,191.89347033597986,166.15510318483408
2024-12-20,189.5765302424528,164.14893059522467
2024-12-23,192.23101981805294,166.44737768967076
2024-12-24,194.46061332858338,168.37791935507394
2024-12-26,195.32836626013932,169.1292819607383
2024-12-27,195.3334690794653,169.1337003469927
2024-12-30,192.97520423422054,167.09174582914093
